Year,State,Category,Total,Average,Count
2006,AK,Other/NA,5000,2500.0,2
2006,AL,Other/NA,347427,4893.33802817,71
2006,AR,Other/NA,7000,1166.66666667,6
2006,AZ,Other/NA,342475,4963.4057971,69
2006,CA,Other/NA,2898995,5763.40954274,503
2006,CO,Other/NA,321300,6062.26415094,53
2006,CT,Other/NA,30800,3850.0,8
2006,DE,Other/NA,5000,2500.0,2
2006,FL,Other/NA,814478,5656.09722222,144
2006,GA,Other/NA,1441680,5743.74501992,251
2006,HI,Other/NA,24950,4990.0,5
2006,IA,Other/NA,51001,3923.15384615,13
2006,ID,Other/NA,89650,4482.5,20
2006,IL,Other/NA,730202,4372.46706587,167
2006,IN,Other/NA,302634,6052.68,50
2006,KS,Other/NA,90330,2822.8125,32
2006,KY,Other/NA,2000,2000.0,1
2006,LA,Other/NA,93050,4897.36842105,19
2006,MA,Other/NA,386923,8232.40425532,47
2006,MD,Other/NA,276630,8382.72727273,33
2006,ME,Other/NA,27150,3393.75,8
2006,MI,Other/NA,488062,3669.63909774,133
2006,MN,Other/NA,5600,1120.0,5
2006,MO,Other/NA,535150,4778.125,112
2006,MS,Other/NA,17750,2218.75,8
2006,MT,Other/NA,51900,3460.0,15
2006,NC,Other/NA,358900,5127.14285714,70
2006,ND,Other/NA,31900,4557.14285714,7
2006,NE,Other/NA,19200,2133.33333333,9
2006,NH,Other/NA,127108,11555.2727273,11
2006,NJ,Other/NA,195125,5738.97058824,34
2006,NM,Other/NA,81857,4092.85,20
2006,NY,Other/NA,626389,5543.26548673,113
2006,OH,Other/NA,14863,2477.16666667,6
2006,OK,Other/NA,87904,3662.66666667,24
2006,OR,Other/NA,384144,4684.68292683,82
2006,PA,Other/NA,30100,2736.36363636,11
2006,SC,Other/NA,13800,2760.0,5
2006,TN,Other/NA,37300,2486.66666667,15
2006,TX,Other/NA,1848019,3763.78615071,491
2006,UT,Other/NA,199426,5248.05263158,38
2006,VA,Other/NA,175067,4731.54054054,37
2006,WA,Other/NA,440247,4114.45794393,107
2006,WI,Other/NA,167150,4775.71428571,35
2006,WV,Other/NA,38650,2973.07692308,13
2006,WY,Other/NA,10250,10250.0,1
2007,AK,Debt,14000,14000.0,1
2007,AK,Other/NA,77800,7780.0,10
2007,AL,Debt,13000,4333.33333333,3
2007,AL,Medical & Personal,19000,6333.33333333,3
2007,AL,Other/NA,1280161,5845.48401826,219
2007,AR,Other/NA,27600,3450.0,8
2007,AZ,Business,30200,15100.0,2
2007,AZ,Debt,68100,8512.5,8
2007,AZ,Medical & Personal,4700,2350.0,2
2007,AZ,Other/NA,1469793,7134.91747573,206
2007,CA,Auto & Home,25700,6425.0,4
2007,CA,Business,135600,12327.2727273,11
2007,CA,Debt,287809,7195.225,40
2007,CA,Medical & Personal,156899,8257.84210526,19
2007,CA,Other/NA,13562059,8229.40473301,1648
2007,CA,Student,8551,4275.5,2
2007,CO,Business,1500,1500.0,1
2007,CO,Debt,54250,6027.77777778,9
2007,CO,Medical & Personal,25750,8583.33333333,3
2007,CO,Other/NA,1340082,7486.49162011,179
2007,CT,Debt,13000,6500.0,2
2007,CT,Other/NA,155159,5541.39285714,28
2007,DE,Other/NA,25575,5115.0,5
2007,FL,Auto & Home,1250,1250.0,1
2007,FL,Business,25000,8333.33333333,3
2007,FL,Debt,52000,13000.0,4
2007,FL,Medical & Personal,19000,6333.33333333,3
2007,FL,Other/NA,2938040,7382.01005025,398
2007,GA,Auto & Home,8201,4100.5,2
2007,GA,Business,53001,7571.57142857,7
2007,GA,Debt,148304,8239.11111111,18
2007,GA,Medical & Personal,47800,7966.66666667,6
2007,GA,Other/NA,5414870,7928.06734993,683
2007,GA,Student,11002,3667.33333333,3
2007,HI,Other/NA,196700,10927.7777778,18
2007,IA,Business,25000,25000.0,1
2007,IA,Debt,15000,15000.0,1
2007,IA,Other/NA,433827,6110.23943662,71
2007,ID,Business,5000,5000.0,1
2007,ID,Debt,17500,8750.0,2
2007,ID,Medical & Personal,6800,1700.0,4
2007,ID,Other/NA,426442,6271.20588235,68
2007,IL,Auto & Home,24500,8166.66666667,3
2007,IL,Business,15000,15000.0,1
2007,IL,Debt,165140,6605.6,25
2007,IL,Medical & Personal,31850,2895.45454545,11
2007,IL,Other/NA,4521611,6610.54239766,684
2007,IL,Student,7000,3500.0,2
2007,IN,Auto & Home,7500,7500.0,1
2007,IN,Debt,28500,7125.0,4
2007,IN,Medical & Personal,10000,2500.0,4
2007,IN,Other/NA,981575,7325.18656716,134
2007,IN,Student,1600,1600.0,1
2007,KS,Auto & Home,10000,10000.0,1
2007,KS,Debt,7500,7500.0,1
2007,KS,Medical & Personal,5500,2750.0,2
2007,KS,Other/NA,422050,6299.25373134,67
2007,KY,Medical & Personal,15001,15001.0,1
2007,KY,Other/NA,256706,12835.3,20
2007,LA,Other/NA,282414,7060.35,40
2007,MA,Business,15000,15000.0,1
2007,MA,Debt,36200,12066.6666667,3
2007,MA,Medical & Personal,7000,7000.0,1
2007,MA,Other/NA,1336136,10122.2424242,132
2007,MD,Business,42944,21472.0,2
2007,MD,Debt,33001,8250.25,4
2007,MD,Medical & Personal,12002,6001.0,2
2007,MD,Other/NA,2539953,11189.2202643,227
2007,ME,Debt,9500,4750.0,2
2007,ME,Medical & Personal,9000,3000.0,3
2007,ME,Other/NA,131400,4531.03448276,29
2007,MI,Auto & Home,26000,13000.0,2
2007,MI,Business,20600,5150.0,4
2007,MI,Debt,40250,5750.0,7
2007,MI,Medical & Personal,26000,3250.0,8
2007,MI,Other/NA,2575018,6130.9952381,420
2007,MI,Student,3500,3500.0,1
2007,MN,Debt,47041,9408.2,5
2007,MN,Medical & Personal,38600,6433.33333333,6
2007,MN,Other/NA,1361090,6672.00980392,204
2007,MN,Student,2551,2551.0,1
2007,MO,Debt,34600,3145.45454545,11
2007,MO,Medical & Personal,12988,2164.66666667,6
2007,MO,Other/NA,1787224,5062.95750708,353
2007,MS,Business,33000,16500.0,2
2007,MS,Other/NA,132950,4924.07407407,27
2007,MT,Auto & Home,8000,8000.0,1
2007,MT,Debt,13995,4665.0,3
2007,MT,Other/NA,256939,6588.17948718,39
2007,NC,Business,40900,5112.5,8
2007,NC,Other/NA,1290928,6297.2097561,205
2007,ND,Debt,5000,5000.0,1
2007,ND,Medical & Personal,4500,4500.0,1
2007,ND,Other/NA,81860,4547.77777778,18
2007,NE,Debt,17000,17000.0,1
2007,NE,Medical & Personal,4000,4000.0,1
2007,NE,Other/NA,243300,6082.5,40
2007,NH,Debt,10001,10001.0,1
2007,NH,Other/NA,480358,12641.0,38
2007,NJ,Business,22000,11000.0,2
2007,NJ,Debt,32000,10666.6666667,3
2007,NJ,Medical & Personal,9800,3266.66666667,3
2007,NJ,Other/NA,839699,7056.29411765,119
2007,NM,Business,2501,2501.0,1
2007,NM,Debt,10000,10000.0,1
2007,NM,Medical & Personal,9000,9000.0,1
2007,NM,Other/NA,417491,6422.93846154,65
2007,NY,Auto & Home,5050,5050.0,1
2007,NY,Business,17000,5666.66666667,3
2007,NY,Debt,83100,9233.33333333,9
2007,NY,Medical & Personal,7700,2566.66666667,3
2007,NY,Other/NA,1919982,7836.66122449,245
2007,OH,Auto & Home,4000,4000.0,1
2007,OH,Business,3100,3100.0,1
2007,OH,Debt,9500,4750.0,2
2007,OH,Medical & Personal,23250,4650.0,5
2007,OH,Other/NA,2063428,6290.93902439,328
2007,OK,Auto & Home,9500,9500.0,1
2007,OK,Business,8000,8000.0,1
2007,OK,Other/NA,616274,6847.48888889,90
2007,OR,Auto & Home,10000,5000.0,2
2007,OR,Business,61000,12200.0,5
2007,OR,Debt,27100,4516.66666667,6
2007,OR,Medical & Personal,18750,4687.5,4
2007,OR,Other/NA,1677330,6790.8097166,247
2007,PA,Other/NA,6000,1200.0,5
2007,SC,Debt,10000,10000.0,1
2007,SC,Other/NA,117825,4713.0,25
2007,TN,Other/NA,76000,4750.0,16
2007,TX,Business,70000,7777.77777778,9
2007,TX,Debt,2999,2999.0,1
2007,TX,Other/NA,3682087,7378.93186373,499
2007,UT,Business,72500,14500.0,5
2007,UT,Debt,11000,3666.66666667,3
2007,UT,Medical & Personal,3325,1108.33333333,3
2007,UT,Other/NA,1118184,7454.56,150
2007,UT,Student,3000,3000.0,1
2007,VA,Business,9000,4500.0,2
2007,VA,Debt,14550,4850.0,3
2007,VA,Other/NA,666639,6115.95412844,109
2007,VT,Other/NA,50500,3366.66666667,15
2007,WA,Business,5000,2500.0,2
2007,WA,Debt,43000,5375.0,8
2007,WA,Medical & Personal,17750,3550.0,5
2007,WA,Other/NA,2183893,6889.25236593,317
2007,WI,Business,15000,15000.0,1
2007,WI,Debt,7500,3750.0,2
2007,WI,Other/NA,591759,5745.23300971,103
2007,WI,Student,1500,1500.0,1
2007,WV,Other/NA,120850,4648.07692308,26
2007,WY,Debt,9500,9500.0,1
2007,WY,Other/NA,49950,7135.71428571,7
2008,AK,Auto & Home,11500,3833.33333333,3
2008,AK,Business,14000,4666.66666667,3
2008,AK,Debt,40399,10099.75,4
2008,AK,Medical & Personal,33475,4782.14285714,7
2008,AK,Other/NA,8200,2733.33333333,3
2008,AL,Auto & Home,96407,3707.96153846,26
2008,AL,Business,153755,9044.41176471,17
2008,AL,Debt,370763,4753.37179487,78
2008,AL,Medical & Personal,164537,3164.17307692,52
2008,AL,Other/NA,33550,2795.83333333,12
2008,AL,Student,24350,2435.0,10
2008,AR,Auto & Home,14000,4666.66666667,3
2008,AR,Business,82500,7500.0,11
2008,AR,Debt,102400,3792.59259259,27
2008,AR,Medical & Personal,53400,2966.66666667,18
2008,AR,Other/NA,39150,3262.5,12
2008,AR,Student,1700,1700.0,1
2008,AZ,Auto & Home,126700,7918.75,16
2008,AZ,Business,575300,10653.7037037,54
2008,AZ,Debt,643530,6634.32989691,97
2008,AZ,Medical & Personal,229002,4490.23529412,51
2008,AZ,Other/NA,148750,4958.33333333,30
2008,AZ,Student,22075,3153.57142857,7
2008,CA,Auto & Home,978601,8436.21551724,116
2008,CA,Business,2296108,9897.01724138,232
2008,CA,Debt,5262867,6998.49335106,752
2008,CA,Medical & Personal,2005514,5333.81382979,376
2008,CA,Other/NA,887038,4900.76243094,181
2008,CA,Student,241800,4477.77777778,54
2008,CO,Auto & Home,94693,5260.72222222,18
2008,CO,Business,379485,9035.35714286,42
2008,CO,Debt,572885,5728.85,100
2008,CO,Medical & Personal,260610,6205.0,42
2008,CO,Other/NA,101049,4811.85714286,21
2008,CO,Student,13700,1712.5,8
2008,CT,Auto & Home,33500,6700.0,5
2008,CT,Business,99200,6200.0,16
2008,CT,Debt,295100,8431.42857143,35
2008,CT,Medical & Personal,84324,4216.2,20
2008,CT,Other/NA,51000,4636.36363636,11
2008,CT,Student,18000,4500.0,4
2008,DC,Auto & Home,43000,10750.0,4
2008,DC,Business,36500,7300.0,5
2008,DC,Debt,182199,6507.10714286,28
2008,DC,Medical & Personal,29000,9666.66666667,3
2008,DC,Other/NA,46500,6642.85714286,7
2008,DC,Student,33900,6780.0,5
2008,DE,Auto & Home,25000,25000.0,1
2008,DE,Business,21000,10500.0,2
2008,DE,Debt,84999,6538.38461538,13
2008,DE,Medical & Personal,4100,1366.66666667,3
2008,DE,Other/NA,16700,3340.0,5
2008,DE,Student,2000,2000.0,1
2008,FL,Auto & Home,394549,6363.69354839,62
2008,FL,Business,1199446,9086.71212121,132
2008,FL,Debt,2201415,7101.33870968,310
2008,FL,Medical & Personal,689190,4994.13043478,138
2008,FL,Other/NA,376970,4653.95061728,81
2008,FL,Student,116384,3423.05882353,34
2008,GA,Auto & Home,391651,7120.92727273,55
2008,GA,Business,1110579,10283.1388889,108
2008,GA,Debt,2014707,6693.37873754,301
2008,GA,Medical & Personal,637253,5223.3852459,122
2008,GA,Other/NA,291451,4700.82258065,62
2008,GA,Student,158930,4540.85714286,35
2008,HI,Auto & Home,9000,4500.0,2
2008,HI,Business,56000,7000.0,8
2008,HI,Debt,114500,6361.11111111,18
2008,HI,Medical & Personal,51500,6437.5,8
2008,HI,Other/NA,17995,8997.5,2
2008,HI,Student,13209,2641.8,5
2008,IA,Auto & Home,17800,2966.66666667,6
2008,IA,Business,78500,8722.22222222,9
2008,IA,Debt,275949,6271.56818182,44
2008,IA,Medical & Personal,81380,3538.26086957,23
2008,IA,Other/NA,41500,3458.33333333,12
2008,IA,Student,22000,3666.66666667,6
2008,ID,Auto & Home,25150,3592.85714286,7
2008,ID,Business,122021,8134.73333333,15
2008,ID,Debt,266952,5932.26666667,45
2008,ID,Medical & Personal,87950,3382.69230769,26
2008,ID,Other/NA,15500,3875.0,4
2008,ID,Student,40630,10157.5,4
2008,IL,Auto & Home,376786,8373.02222222,45
2008,IL,Business,1022039,10989.6666667,93
2008,IL,Debt,2040925,5864.72701149,348
2008,IL,Medical & Personal,748268,4676.675,160
2008,IL,Other/NA,240461,4007.68333333,60
2008,IL,Student,183830,3676.6,50
2008,IN,Auto & Home,87750,4387.5,20
2008,IN,Business,309900,9390.90909091,33
2008,IN,Debt,539101,5337.63366337,101
2008,IN,Medical & Personal,176050,4293.90243902,41
2008,IN,Other/NA,80700,2882.14285714,28
2008,IN,Student,13350,1907.14285714,7
2008,KS,Auto & Home,43700,3972.72727273,11
2008,KS,Business,110899,10081.7272727,11
2008,KS,Debt,310774,5863.66037736,53
2008,KS,Medical & Personal,83110,3777.72727273,22
2008,KS,Other/NA,38100,7620.0,5
2008,KS,Student,7000,7000.0,1
2008,KY,Auto & Home,30586,3398.44444444,9
2008,KY,Business,145001,14500.1,10
2008,KY,Debt,149299,5971.96,25
2008,KY,Medical & Personal,61501,5125.08333333,12
2008,KY,Other/NA,49300,3286.66666667,15
2008,KY,Student,7000,7000.0,1
2008,LA,Auto & Home,35400,8850.0,4
2008,LA,Business,70999,6454.45454545,11
2008,LA,Debt,93300,4665.0,20
2008,LA,Medical & Personal,22100,2455.55555556,9
2008,LA,Other/NA,22150,3164.28571429,7
2008,LA,Student,2500,1250.0,2
2008,MA,Auto & Home,109430,9119.16666667,12
2008,MA,Business,239351,8548.25,28
2008,MA,Debt,585738,6436.68131868,91
2008,MA,Medical & Personal,182601,4057.8,45
2008,MA,Other/NA,153144,5104.8,30
2008,MA,Student,90051,5002.83333333,18
2008,MD,Auto & Home,206800,8991.30434783,23
2008,MD,Business,516500,12597.5609756,41
2008,MD,Debt,975559,7681.56692913,127
2008,MD,Medical & Personal,343019,5914.12068966,58
2008,MD,Other/NA,198954,4737.0,42
2008,MD,Student,87725,4386.25,20
2008,ME,Auto & Home,1000,1000.0,1
2008,ME,Business,88500,8850.0,10
2008,ME,Debt,172808,5760.26666667,30
2008,ME,Medical & Personal,38000,3166.66666667,12
2008,ME,Other/NA,10450,2090.0,5
2008,ME,Student,2000,2000.0,1
2008,MI,Auto & Home,140311,4838.31034483,29
2008,MI,Business,472435,7744.83606557,61
2008,MI,Debt,1107855,6478.68421053,171
2008,MI,Medical & Personal,250494,3295.97368421,76
2008,MI,Other/NA,133080,3802.28571429,35
2008,MI,Student,66249,3154.71428571,21
2008,MN,Auto & Home,195825,5021.15384615,39
2008,MN,Business,549021,11437.9375,48
2008,MN,Debt,900971,6213.59310345,145
2008,MN,Medical & Personal,477781,5308.67777778,90
2008,MN,Other/NA,168050,4308.97435897,39
2008,MN,Student,58990,4213.57142857,14
2008,MO,Auto & Home,216100,5686.84210526,38
2008,MO,Business,383878,7108.85185185,54
2008,MO,Debt,645692,5207.19354839,124
2008,MO,Medical & Personal,318249,4359.57534247,73
2008,MO,Other/NA,101703,2905.8,35
2008,MO,Student,32600,2716.66666667,12
2008,MS,Auto & Home,22000,3142.85714286,7
2008,MS,Business,169700,6788.0,25
2008,MS,Debt,96839,5379.94444444,18
2008,MS,Medical & Personal,45050,3754.16666667,12
2008,MS,Other/NA,40200,3654.54545455,11
2008,MS,Student,3500,1750.0,2
2008,MT,Auto & Home,8500,2833.33333333,3
2008,MT,Business,60500,7562.5,8
2008,MT,Debt,90300,5311.76470588,17
2008,MT,Medical & Personal,16500,2357.14285714,7
2008,MT,Other/NA,56950,4067.85714286,14
2008,MT,Student,7200,3600.0,2
2008,NC,Auto & Home,94600,3941.66666667,24
2008,NC,Business,949787,6784.19285714,140
2008,NC,Debt,534950,5943.88888889,90
2008,NC,Medical & Personal,210199,4042.28846154,52
2008,NC,Other/NA,183849,3911.68085106,47
2008,NC,Student,23000,4600.0,5
2008,ND,Auto & Home,8000,4000.0,2
2008,ND,Business,15000,7500.0,2
2008,ND,Debt,50550,3370.0,15
2008,ND,Medical & Personal,18400,3066.66666667,6
2008,NE,Auto & Home,25750,5150.0,5
2008,NE,Business,25000,5000.0,5
2008,NE,Debt,179891,4996.97222222,36
2008,NE,Medical & Personal,42500,4250.0,10
2008,NE,Other/NA,27200,3885.71428571,7
2008,NE,Student,16500,4125.0,4
2008,NH,Auto & Home,34795,5799.16666667,6
2008,NH,Business,22250,5562.5,4
2008,NH,Debt,288755,9957.06896552,29
2008,NH,Medical & Personal,82002,6833.5,12
2008,NH,Other/NA,6000,1500.0,4
2008,NH,Student,4325,1441.66666667,3
2008,NJ,Auto & Home,129750,6487.5,20
2008,NJ,Business,203300,8839.13043478,23
2008,NJ,Debt,640239,6884.29032258,93
2008,NJ,Medical & Personal,158049,4789.36363636,33
2008,NJ,Other/NA,106259,3664.10344828,29
2008,NJ,Student,42700,4744.44444444,9
2008,NM,Auto & Home,8201,2733.66666667,3
2008,NM,Business,20501,5125.25,4
2008,NM,Debt,184260,7086.92307692,26
2008,NM,Medical & Personal,38200,2938.46153846,13
2008,NM,Other/NA,33000,5500.0,6
2008,NM,Student,7500,7500.0,1
2008,NV,Auto & Home,30000,7500.0,4
2008,NV,Business,91800,11475.0,8
2008,NV,Debt,183800,5569.6969697,33
2008,NV,Medical & Personal,42000,4200.0,10
2008,NV,Other/NA,20700,2300.0,9
2008,NV,Student,4000,4000.0,1
2008,NY,Auto & Home,300850,6837.5,44
2008,NY,Business,518935,8108.359375,64
2008,NY,Debt,1170760,5711.02439024,205
2008,NY,Medical & Personal,391279,3952.31313131,99
2008,NY,Other/NA,320881,4718.83823529,68
2008,NY,Student,113999,5181.77272727,22
2008,OH,Auto & Home,282024,5127.70909091,55
2008,OH,Business,466140,8036.89655172,58
2008,OH,Debt,1379976,6052.52631579,228
2008,OH,Medical & Personal,281399,3702.61842105,76
2008,OH,Other/NA,214083,5221.53658537,41
2008,OH,Student,60600,3189.47368421,19
2008,OK,Auto & Home,58380,3648.75,16
2008,OK,Business,32200,3577.77777778,9
2008,OK,Debt,294990,5086.03448276,58
2008,OK,Medical & Personal,77590,3373.47826087,23
2008,OK,Other/NA,46179,3552.23076923,13
2008,OK,Student,18400,6133.33333333,3
2008,OR,Auto & Home,122370,6798.33333333,18
2008,OR,Business,280480,7012.0,40
2008,OR,Debt,605277,5604.41666667,108
2008,OR,Medical & Personal,206545,3623.59649123,57
2008,OR,Other/NA,96899,4213.0,23
2008,OR,Student,18250,2281.25,8
2008,PA,Auto & Home,107100,5100.0,21
2008,PA,Business,305150,7824.35897436,39
2008,PA,Debt,669163,5768.64655172,116
2008,PA,Medical & Personal,206231,3682.69642857,56
2008,PA,Other/NA,99824,2936.0,34
2008,PA,Student,36400,3309.09090909,11
2008,RI,Auto & Home,6500,2166.66666667,3
2008,RI,Business,16821,5607.0,3
2008,RI,Debt,55000,5000.0,11
2008,RI,Medical & Personal,11850,2370.0,5
2008,RI,Other/NA,3500,1750.0,2
2008,RI,Student,1200,1200.0,1
2008,SC,Auto & Home,86500,10812.5,8
2008,SC,Business,104200,7442.85714286,14
2008,SC,Debt,226583,5526.41463415,41
2008,SC,Medical & Personal,35100,3190.90909091,11
2008,SC,Other/NA,50400,4200.0,12
2008,SC,Student,38799,4849.875,8
2008,TN,Auto & Home,49000,7000.0,7
2008,TN,Business,172750,8226.19047619,21
2008,TN,Debt,369345,4859.80263158,76
2008,TN,Medical & Personal,160000,4705.88235294,34
2008,TN,Other/NA,78100,3550.0,22
2008,TN,Student,27400,4566.66666667,6
2008,TX,Auto & Home,113421,5671.05,20
2008,TX,Business,824896,7499.05454545,110
2008,TX,Debt,164809,5683.06896552,29
2008,TX,Medical & Personal,92908,5161.55555556,18
2008,TX,Other/NA,45900,3825.0,12
2008,TX,Student,1500,1500.0,1
2008,UT,Auto & Home,52100,5210.0,10
2008,UT,Business,227170,8413.7037037,27
2008,UT,Debt,394853,5806.66176471,68
2008,UT,Medical & Personal,151881,4467.08823529,34
2008,UT,Other/NA,28800,2880.0,10
2008,UT,Student,14500,2416.66666667,6
2008,VA,Auto & Home,202433,6980.44827586,29
2008,VA,Business,432598,9831.77272727,44
2008,VA,Debt,967399,6626.02054795,146
2008,VA,Medical & Personal,297600,4509.09090909,66
2008,VA,Other/NA,207749,4516.2826087,46
2008,VA,Student,52000,3714.28571429,14
2008,VT,Auto & Home,6900,2300.0,3
2008,VT,Business,29000,14500.0,2
2008,VT,Debt,53700,5370.0,10
2008,VT,Medical & Personal,8500,2125.0,4
2008,VT,Other/NA,5000,5000.0,1
2008,WA,Auto & Home,189500,4858.97435897,39
2008,WA,Business,523250,9513.63636364,55
2008,WA,Debt,1245982,6019.23671498,207
2008,WA,Medical & Personal,426564,4443.375,96
2008,WA,Other/NA,187449,4260.20454545,44
2008,WA,Student,27800,3475.0,8
2008,WI,Auto & Home,98403,6150.1875,16
2008,WI,Business,290250,10366.0714286,28
2008,WI,Debt,396182,5079.25641026,78
2008,WI,Medical & Personal,133991,3828.31428571,35
2008,WI,Other/NA,64000,3555.55555556,18
2008,WI,Student,7100,2366.66666667,3
2008,WV,Auto & Home,15700,5233.33333333,3
2008,WV,Business,35000,11666.6666667,3
2008,WV,Debt,83800,5237.5,16
2008,WV,Medical & Personal,60090,5007.5,12
2008,WV,Other/NA,21200,3533.33333333,6
2008,WV,Student,3000,1500.0,2
2008,WY,Auto & Home,23374,5843.5,4
2008,WY,Debt,26800,4466.66666667,6
2008,WY,Medical & Personal,15500,3100.0,5
2008,WY,Other/NA,3100,1550.0,2
2008,WY,Student,1400,1400.0,1
2009,AK,Auto & Home,12000,12000.0,1
2009,AL,Auto & Home,32500,10833.3333333,3
2009,AL,Business,16500,5500.0,3
2009,AL,Debt,27720,3465.0,8
2009,AL,Other/NA,17600,2514.28571429,7
2009,AL,Student,6600,2200.0,3
2009,AR,Auto & Home,2600,1300.0,2
2009,AR,Business,13500,13500.0,1
2009,AR,Debt,45200,5650.0,8
2009,AR,Other/NA,2500,1250.0,2
2009,AR,Student,12000,6000.0,2
2009,AZ,Auto & Home,2700,1350.0,2
2009,AZ,Business,10500,3500.0,3
2009,AZ,Debt,61350,5577.27272727,11
2009,AZ,Other/NA,35517,3551.7,10
2009,CA,Auto & Home,145900,4168.57142857,35
2009,CA,Business,182711,5536.6969697,33
2009,CA,Debt,684942,5188.95454545,132
2009,CA,Other/NA,205650,4196.93877551,49
2009,CA,Student,49028,2723.77777778,18
2009,CO,Auto & Home,36000,4000.0,9
2009,CO,Business,89410,8941.0,10
2009,CO,Debt,118128,4073.37931034,29
2009,CO,Other/NA,32900,3655.55555556,9
2009,CO,Student,7400,2466.66666667,3
2009,CT,Auto & Home,22250,3708.33333333,6
2009,CT,Business,8500,4250.0,2
2009,CT,Debt,148200,7800.0,19
2009,CT,Other/NA,26500,2944.44444444,9
2009,CT,Student,2000,2000.0,1
2009,DC,Debt,74000,8222.22222222,9
2009,DC,Other/NA,7000,7000.0,1
2009,DC,Student,2500,2500.0,1
2009,DE,Auto & Home,8000,2666.66666667,3
2009,DE,Business,8000,4000.0,2
2009,DE,Debt,2000,2000.0,1
2009,DE,Other/NA,2500,2500.0,1
2009,FL,Auto & Home,112100,5095.45454545,22
2009,FL,Business,63725,5793.18181818,11
2009,FL,Debt,329050,5772.80701754,57
2009,FL,Other/NA,65815,3134.04761905,21
2009,FL,Student,9130,1826.0,5
2009,GA,Auto & Home,91800,5100.0,18
2009,GA,Business,116250,5812.5,20
2009,GA,Debt,317393,5568.29824561,57
2009,GA,Other/NA,98400,3784.61538462,26
2009,GA,Student,5000,1250.0,4
2009,HI,Business,8000,4000.0,2
2009,HI,Debt,11000,5500.0,2
2009,HI,Other/NA,2500,1250.0,2
2009,HI,Student,1000,1000.0,1
2009,ID,Auto & Home,1000,1000.0,1
2009,ID,Business,21000,10500.0,2
2009,ID,Debt,28950,3216.66666667,9
2009,ID,Other/NA,15000,15000.0,1
2009,ID,Student,2000,2000.0,1
2009,IL,Auto & Home,83600,5225.0,16
2009,IL,Business,42700,6100.0,7
2009,IL,Debt,344385,4991.08695652,69
2009,IL,Other/NA,102047,2915.62857143,35
2009,IL,Student,7500,1500.0,5
2009,IN,Auto & Home,28600,2600.0,11
2009,IN,Business,12500,4166.66666667,3
2009,IN,Debt,124349,4973.96,25
2009,IN,Other/NA,13500,2250.0,6
2009,IN,Student,3600,3600.0,1
2009,KS,Debt,9000,3000.0,3
2009,KS,Other/NA,5000,5000.0,1
2009,KY,Auto & Home,2000,2000.0,1
2009,KY,Business,1000,1000.0,1
2009,KY,Debt,11000,2200.0,5
2009,KY,Other/NA,18000,3600.0,5
2009,LA,Debt,39000,9750.0,4
2009,LA,Other/NA,7500,3750.0,2
2009,LA,Student,4976,4976.0,1
2009,MA,Auto & Home,6300,3150.0,2
2009,MA,Business,5000,2500.0,2
2009,MA,Debt,83350,5556.66666667,15
2009,MA,Other/NA,42601,3277.0,13
2009,MA,Student,2000,2000.0,1
2009,MD,Auto & Home,15000,2500.0,6
2009,MD,Business,14000,2800.0,5
2009,MD,Debt,146680,5057.93103448,29
2009,MD,Other/NA,44999,4499.9,10
2009,MD,Student,20800,4160.0,5
2009,MI,Auto & Home,33099,3009.0,11
2009,MI,Business,49900,6237.5,8
2009,MI,Debt,77650,4086.84210526,19
2009,MI,Other/NA,36300,2420.0,15
2009,MI,Student,10450,2090.0,5
2009,MN,Auto & Home,20000,2222.22222222,9
2009,MN,Business,4000,2000.0,2
2009,MN,Debt,168950,5825.86206897,29
2009,MN,Other/NA,47600,3400.0,14
2009,MN,Student,6500,1300.0,5
2009,MO,Auto & Home,27675,3075.0,9
2009,MO,Business,43700,5462.5,8
2009,MO,Debt,102550,3944.23076923,26
2009,MO,Other/NA,42877,2382.05555556,18
2009,MO,Student,5495,2747.5,2
2009,MS,Auto & Home,17180,2454.28571429,7
2009,MS,Business,3000,3000.0,1
2009,MS,Debt,10800,3600.0,3
2009,MS,Other/NA,5700,1900.0,3
2009,MT,Auto & Home,2150,2150.0,1
2009,MT,Debt,4535,2267.5,2
2009,MT,Other/NA,1000,1000.0,1
2009,NC,Auto & Home,40400,3107.69230769,13
2009,NC,Business,52850,4404.16666667,12
2009,NC,Debt,125460,4825.38461538,26
2009,NC,Other/NA,68000,5230.76923077,13
2009,NC,Student,3100,1550.0,2
2009,NE,Auto & Home,7500,3750.0,2
2009,NE,Business,2900,2900.0,1
2009,NE,Debt,31950,5325.0,6
2009,NE,Student,15000,3750.0,4
2009,NH,Auto & Home,4200,2100.0,2
2009,NH,Debt,13390,4463.33333333,3
2009,NH,Other/NA,1125,1125.0,1
2009,NJ,Auto & Home,45900,4590.0,10
2009,NJ,Business,8100,4050.0,2
2009,NJ,Debt,61650,4110.0,15
2009,NJ,Other/NA,53900,4146.15384615,13
2009,NJ,Student,14700,3675.0,4
2009,NM,Debt,17250,5750.0,3
2009,NM,Other/NA,5000,2500.0,2
2009,NV,Auto & Home,1700,1700.0,1
2009,NV,Debt,37875,4208.33333333,9
2009,NV,Other/NA,12500,2500.0,5
2009,NY,Auto & Home,21775,3110.71428571,7
2009,NY,Business,57900,6433.33333333,9
2009,NY,Debt,306038,5885.34615385,52
2009,NY,Other/NA,50600,2409.52380952,21
2009,NY,Student,17800,2966.66666667,6
2009,OH,Auto & Home,61100,4073.33333333,15
2009,OH,Business,2500,2500.0,1
2009,OH,Debt,110198,3935.64285714,28
2009,OH,Other/NA,39190,1959.5,20
2009,OH,Student,14000,3500.0,4
2009,OK,Auto & Home,18706,3741.2,5
2009,OK,Business,6500,2166.66666667,3
2009,OK,Debt,40475,6745.83333333,6
2009,OK,Other/NA,8000,4000.0,2
2009,OK,Student,7120,2373.33333333,3
2009,OR,Auto & Home,11990,2398.0,5
2009,OR,Business,38900,4862.5,8
2009,OR,Debt,71955,3997.5,18
2009,OR,Other/NA,62375,4158.33333333,15
2009,OR,Student,6900,2300.0,3
2009,PA,Auto & Home,53200,3800.0,14
2009,PA,Business,16900,4225.0,4
2009,PA,Debt,123100,5129.16666667,24
2009,PA,Other/NA,37800,2362.5,16
2009,PA,Student,10000,2500.0,4
2009,RI,Auto & Home,12000,12000.0,1
2009,RI,Debt,3500,1750.0,2
2009,RI,Other/NA,2000,2000.0,1
2009,RI,Student,7000,3500.0,2
2009,SC,Auto & Home,11375,2843.75,4
2009,SC,Business,32550,4650.0,7
2009,SC,Debt,43332,3939.27272727,11
2009,SC,Other/NA,7500,1500.0,5
2009,SC,Student,5000,5000.0,1
2009,SD,Auto & Home,9500,4750.0,2
2009,TN,Auto & Home,26800,3828.57142857,7
2009,TN,Business,1000,1000.0,1
2009,TN,Debt,77000,3850.0,20
2009,TN,Other/NA,11500,1642.85714286,7
2009,TN,Student,5500,2750.0,2
2009,TX,Auto & Home,27600,1840.0,15
2009,TX,Business,82714,4865.52941176,17
2009,TX,Debt,281443,5518.49019608,51
2009,TX,Other/NA,89690,3899.56521739,23
2009,TX,Student,22450,2806.25,8
2009,UT,Auto & Home,15000,5000.0,3
2009,UT,Business,12000,3000.0,4
2009,UT,Debt,31250,5208.33333333,6
2009,UT,Other/NA,23900,3983.33333333,6
2009,UT,Student,5700,1900.0,3
2009,VA,Auto & Home,53450,3817.85714286,14
2009,VA,Business,31500,6300.0,5
2009,VA,Debt,159500,5145.16129032,31
2009,VA,Other/NA,39062,2170.11111111,18
2009,VA,Student,9985,1997.0,5
2009,VT,Business,8500,2833.33333333,3
2009,VT,Debt,1000,1000.0,1
2009,VT,Other/NA,5000,5000.0,1
2009,WA,Auto & Home,49700,3823.07692308,13
2009,WA,Business,66780,8347.5,8
2009,WA,Debt,135099,4221.84375,32
2009,WA,Other/NA,60177,3008.85,20
2009,WA,Student,7000,1400.0,5
2009,WI,Auto & Home,15400,3080.0,5
2009,WI,Business,41150,13716.6666667,3
2009,WI,Debt,64000,4571.42857143,14
2009,WI,Other/NA,20800,2311.11111111,9
2009,WI,Student,5000,5000.0,1
2009,WV,Debt,43250,6178.57142857,7
2009,WY,Auto & Home,4750,2375.0,2
2009,WY,Business,1000,1000.0,1
2009,WY,Other/NA,2000,2000.0,1
2010,AK,Auto & Home,4500,4500.0,1
2010,AK,Debt,28200,5640.0,5
2010,AK,Other/NA,10500,3500.0,3
2010,AK,Student,6500,3250.0,2
2010,AL,Auto & Home,72100,4506.25,16
2010,AL,Business,36000,6000.0,6
2010,AL,Debt,166400,4497.2972973,37
2010,AL,Other/NA,96764,3583.85185185,27
2010,AL,Student,4500,1500.0,3
2010,AR,Auto & Home,15550,2221.42857143,7
2010,AR,Business,8000,2666.66666667,3
2010,AR,Debt,93350,6667.85714286,14
2010,AR,Other/NA,34622,3462.2,10
2010,AZ,Auto & Home,77000,6416.66666667,12
2010,AZ,Business,48500,6062.5,8
2010,AZ,Debt,221720,5543.0,40
2010,AZ,Other/NA,74651,3393.22727273,22
2010,AZ,Student,9200,3066.66666667,3
2010,CA,Auto & Home,392430,5096.49350649,77
2010,CA,Business,433712,4928.54545455,88
2010,CA,Debt,2025693,5474.84594595,370
2010,CA,Other/NA,639865,3385.52910053,189
2010,CA,Student,65100,2325.0,28
2010,CO,Auto & Home,44600,3716.66666667,12
2010,CO,Business,42600,3872.72727273,11
2010,CO,Debt,282530,5045.17857143,56
2010,CO,Other/NA,177050,4785.13513514,37
2010,CO,Student,5500,5500.0,1
2010,CT,Auto & Home,27200,4533.33333333,6
2010,CT,Business,20000,5000.0,4
2010,CT,Debt,302150,6294.79166667,48
2010,CT,Other/NA,84899,4042.80952381,21
2010,CT,Student,10000,10000.0,1
2010,DC,Auto & Home,23000,7666.66666667,3
2010,DC,Debt,61400,6822.22222222,9
2010,DC,Other/NA,18200,3033.33333333,6
2010,DE,Auto & Home,11000,5500.0,2
2010,DE,Business,5000,5000.0,1
2010,DE,Debt,54100,5410.0,10
2010,DE,Other/NA,10500,3500.0,3
2010,FL,Auto & Home,250200,4170.0,60
2010,FL,Business,183690,4710.0,39
2010,FL,Debt,829481,5386.24025974,154
2010,FL,Other/NA,302374,3286.67391304,92
2010,FL,Student,36700,3670.0,10
2010,GA,Auto & Home,271100,5020.37037037,54
2010,GA,Business,179880,6424.28571429,28
2010,GA,Debt,513325,4888.80952381,105
2010,GA,Other/NA,303050,4456.61764706,68
2010,GA,Student,23500,3357.14285714,7
2010,HI,Auto & Home,14500,4833.33333333,3
2010,HI,Debt,15100,2516.66666667,6
2010,HI,Other/NA,7500,1875.0,4
2010,HI,Student,4000,4000.0,1
2010,ID,Auto & Home,28450,3161.11111111,9
2010,ID,Business,17000,4250.0,4
2010,ID,Debt,115599,5504.71428571,21
2010,ID,Other/NA,28250,4708.33333333,6
2010,IL,Auto & Home,251297,4741.45283019,53
2010,IL,Business,126774,5282.25,24
2010,IL,Debt,858084,5536.02580645,155
2010,IL,Other/NA,279959,3543.78481013,79
2010,IL,Student,17165,2145.625,8
2010,IN,Auto & Home,89850,4728.94736842,19
2010,IN,Business,101500,7250.0,14
2010,IN,Debt,340924,5878.0,58
2010,IN,Other/NA,67600,3219.04761905,21
2010,IN,Student,5600,1866.66666667,3
2010,KS,Auto & Home,33999,3090.81818182,11
2010,KS,Business,20550,5137.5,4
2010,KS,Debt,125900,5995.23809524,21
2010,KS,Other/NA,27800,3475.0,8
2010,KS,Student,8000,4000.0,2
2010,KY,Auto & Home,57100,5190.90909091,11
2010,KY,Business,7950,3975.0,2
2010,KY,Debt,110884,4620.16666667,24
2010,KY,Other/NA,37500,3125.0,12
2010,LA,Auto & Home,30500,7625.0,4
2010,LA,Business,5000,5000.0,1
2010,LA,Debt,143650,5746.0,25
2010,LA,Other/NA,65225,4076.5625,16
2010,LA,Student,1750,1750.0,1
2010,MA,Auto & Home,24500,6125.0,4
2010,MA,Business,73400,6672.72727273,11
2010,MA,Debt,371750,5995.96774194,62
2010,MA,Other/NA,125465,4480.89285714,28
2010,MA,Student,16500,3300.0,5
2010,MD,Auto & Home,142800,5288.88888889,27
2010,MD,Business,122801,6463.21052632,19
2010,MD,Debt,377651,6511.22413793,58
2010,MD,Other/NA,156100,4336.11111111,36
2010,MD,Student,32300,4614.28571429,7
2010,MI,Auto & Home,125600,4485.71428571,28
2010,MI,Business,126020,7001.11111111,18
2010,MI,Debt,342475,4691.43835616,73
2010,MI,Other/NA,153800,4272.22222222,36
2010,MI,Student,38100,4233.33333333,9
2010,MN,Auto & Home,63900,4260.0,15
2010,MN,Business,24200,4033.33333333,6
2010,MN,Debt,291000,4770.49180328,61
2010,MN,Other/NA,99050,3095.3125,32
2010,MN,Student,13200,2200.0,6
2010,MO,Auto & Home,129457,4315.23333333,30
2010,MO,Business,119500,5975.0,20
2010,MO,Debt,321772,4073.06329114,79
2010,MO,Other/NA,91650,2956.4516129,31
2010,MO,Student,8000,4000.0,2
2010,MS,Auto & Home,13500,6750.0,2
2010,MS,Business,18000,9000.0,2
2010,MS,Debt,88350,5890.0,15
2010,MS,Other/NA,61250,4083.33333333,15
2010,MT,Auto & Home,5000,2500.0,2
2010,MT,Business,9550,4775.0,2
2010,MT,Debt,30700,4385.71428571,7
2010,MT,Other/NA,4000,1333.33333333,3
2010,MT,Student,2000,2000.0,1
2010,NC,Auto & Home,128549,3780.85294118,34
2010,NC,Business,98005,3769.42307692,26
2010,NC,Debt,529651,5296.51,100
2010,NC,Other/NA,194225,4316.11111111,45
2010,NC,Student,14060,2343.33333333,6
2010,NE,Auto & Home,28300,5660.0,5
2010,NE,Business,1000,1000.0,1
2010,NE,Debt,81450,4525.0,18
2010,NE,Other/NA,15000,2500.0,6
2010,NE,Student,2000,2000.0,1
2010,NH,Auto & Home,8500,2833.33333333,3
2010,NH,Business,5000,5000.0,1
2010,NH,Debt,51750,5175.0,10
2010,NH,Other/NA,18650,3108.33333333,6
2010,NH,Student,4000,4000.0,1
2010,NJ,Auto & Home,116700,4668.0,25
2010,NJ,Business,66150,6615.0,10
2010,NJ,Debt,416223,6032.2173913,69
2010,NJ,Other/NA,153200,4140.54054054,37
2010,NJ,Student,15500,5166.66666667,3
2010,NM,Auto & Home,29750,7437.5,4
2010,NM,Business,22500,11250.0,2
2010,NM,Debt,37600,3418.18181818,11
2010,NM,Other/NA,4000,2000.0,2
2010,NV,Auto & Home,11200,2240.0,5
2010,NV,Business,23300,2912.5,8
2010,NV,Debt,158000,4647.05882353,34
2010,NV,Other/NA,68285,4552.33333333,15
2010,NV,Student,3000,3000.0,1
2010,NY,Auto & Home,263750,5382.65306122,49
2010,NY,Business,166280,5542.66666667,30
2010,NY,Debt,847849,5541.49673203,153
2010,NY,Other/NA,317798,3417.1827957,93
2010,NY,Student,51180,3655.71428571,14
2010,OH,Auto & Home,152525,4013.81578947,38
2010,OH,Business,104350,4969.04761905,21
2010,OH,Debt,556585,5351.77884615,104
2010,OH,Other/NA,150728,3014.56,50
2010,OH,Student,15100,2157.14285714,7
2010,OK,Auto & Home,34250,4281.25,8
2010,OK,Business,19375,6458.33333333,3
2010,OK,Debt,133875,5149.03846154,26
2010,OK,Other/NA,45250,2381.57894737,19
2010,OR,Auto & Home,48250,3711.53846154,13
2010,OR,Business,69500,6318.18181818,11
2010,OR,Debt,234450,4341.66666667,54
2010,OR,Other/NA,76100,3170.83333333,24
2010,OR,Student,2000,2000.0,1
2010,PA,Auto & Home,83000,4150.0,20
2010,PA,Business,42866,5358.25,8
2010,PA,Debt,376360,5300.84507042,71
2010,PA,Other/NA,123809,3019.73170732,41
2010,PA,Student,20325,4065.0,5
2010,RI,Auto & Home,1500,1500.0,1
2010,RI,Business,10000,10000.0,1
2010,RI,Debt,81500,5821.42857143,14
2010,RI,Other/NA,28500,4750.0,6
2010,SC,Auto & Home,75800,6890.90909091,11
2010,SC,Business,49500,9900.0,5
2010,SC,Debt,171483,5531.70967742,31
2010,SC,Other/NA,81300,3871.42857143,21
2010,SC,Student,1000,1000.0,1
2010,SD,Auto & Home,4500,2250.0,2
2010,SD,Business,20000,10000.0,2
2010,SD,Debt,6000,2000.0,3
2010,SD,Other/NA,21000,3500.0,6
2010,TN,Auto & Home,75800,4211.11111111,18
2010,TN,Business,64700,5881.81818182,11
2010,TN,Debt,371085,6510.26315789,57
2010,TN,Other/NA,91200,3257.14285714,28
2010,TN,Student,8000,4000.0,2
2010,TX,Auto & Home,292715,5227.05357143,56
2010,TX,Business,179949,6426.75,28
2010,TX,Debt,825903,5899.30714286,140
2010,TX,Other/NA,300740,4009.86666667,75
2010,TX,Student,39250,4361.11111111,9
2010,UT,Auto & Home,30650,3405.55555556,9
2010,UT,Business,69800,4985.71428571,14
2010,UT,Debt,109650,3655.0,30
2010,UT,Other/NA,42100,3007.14285714,14
2010,UT,Student,5500,2750.0,2
2010,VA,Auto & Home,169399,5646.63333333,30
2010,VA,Business,153616,7680.8,20
2010,VA,Debt,586940,5811.28712871,101
2010,VA,Other/NA,202436,3893.0,52
2010,VA,Student,5200,2600.0,2
2010,VT,Business,1000,1000.0,1
2010,VT,Debt,22600,4520.0,5
2010,VT,Other/NA,4500,2250.0,2
2010,WA,Auto & Home,59850,3740.625,16
2010,WA,Business,90000,5294.11764706,17
2010,WA,Debt,361250,4405.48780488,82
2010,WA,Other/NA,177080,3341.13207547,53
2010,WA,Student,11800,2950.0,4
2010,WI,Auto & Home,61200,4707.69230769,13
2010,WI,Business,52750,4395.83333333,12
2010,WI,Debt,203450,4731.39534884,43
2010,WI,Other/NA,71650,3256.81818182,22
2010,WI,Student,4500,2250.0,2
2010,WV,Auto & Home,25000,5000.0,5
2010,WV,Business,3500,3500.0,1
2010,WV,Debt,20000,5000.0,4
2010,WV,Other/NA,15700,2616.66666667,6
2010,WY,Business,6100,3050.0,2
2010,WY,Debt,16500,4125.0,4
2010,WY,Other/NA,8050,2683.33333333,3
2011,AK,Auto & Home,38500,6416.66666667,6
2011,AK,Business,17500,5833.33333333,3
2011,AK,Debt,82000,8200.0,10
2011,AK,Other/NA,32700,4671.42857143,7
2011,AL,Auto & Home,154984,5740.14814815,27
2011,AL,Business,96470,7420.76923077,13
2011,AL,Debt,466419,5979.73076923,78
2011,AL,Other/NA,214363,5641.13157895,38
2011,AR,Auto & Home,56500,7062.5,8
2011,AR,Business,53800,6725.0,8
2011,AR,Debt,291020,6326.52173913,46
2011,AR,Other/NA,158695,5667.67857143,28
2011,AZ,Auto & Home,166560,5372.90322581,31
2011,AZ,Business,62200,4784.61538462,13
2011,AZ,Debt,414368,6374.89230769,65
2011,AZ,Medical & Personal,7000,7000.0,1
2011,AZ,Other/NA,207067,6090.20588235,34
2011,CA,Auto & Home,1333659,6946.140625,192
2011,CA,Business,1233303,7905.78846154,156
2011,CA,Debt,4595792,7294.90793651,630
2011,CA,Medical & Personal,3000,3000.0,1
2011,CA,Other/NA,1942217,5976.05230769,325
2011,CO,Auto & Home,193000,5078.94736842,38
2011,CO,Business,166200,6155.55555556,27
2011,CO,Debt,909821,7457.54918033,122
2011,CO,Other/NA,290348,6048.91666667,48
2011,CT,Auto & Home,190600,6148.38709677,31
2011,CT,Business,102876,11430.6666667,9
2011,CT,Debt,639567,6877.06451613,93
2011,CT,Medical & Personal,2000,2000.0,1
2011,CT,Other/NA,301086,5018.1,60
2011,DC,Auto & Home,55777,5577.7,10
2011,DC,Business,71000,7888.88888889,9
2011,DC,Debt,220300,7596.55172414,29
2011,DC,Other/NA,119000,7437.5,16
2011,DE,Auto & Home,82000,10250.0,8
2011,DE,Business,31500,7875.0,4
2011,DE,Debt,81600,6800.0,12
2011,DE,Other/NA,43350,6192.85714286,7
2011,FL,Auto & Home,961931,6126.94904459,157
2011,FL,Business,781846,7375.90566038,106
2011,FL,Debt,2655298,7500.84180791,354
2011,FL,Medical & Personal,2000,2000.0,1
2011,FL,Other/NA,1058828,5692.62365591,186
2011,GA,Auto & Home,517213,6084.85882353,85
2011,GA,Business,508405,7368.1884058,69
2011,GA,Debt,1754744,7435.3559322,236
2011,GA,Medical & Personal,7000,7000.0,1
2011,GA,Other/NA,652243,5876.06306306,111
2011,HI,Auto & Home,28500,7125.0,4
2011,HI,Business,32500,10833.3333333,3
2011,HI,Debt,133105,7829.70588235,17
2011,HI,Other/NA,69100,6910.0,10
2011,ID,Auto & Home,50539,5053.9,10
2011,ID,Business,90300,9030.0,10
2011,ID,Debt,139200,6960.0,20
2011,ID,Other/NA,36600,4575.0,8
2011,IL,Auto & Home,710173,7173.46464646,99
2011,IL,Business,591423,8571.34782609,69
2011,IL,Debt,2509377,8120.96116505,309
2011,IL,Other/NA,779767,5998.20769231,130
2011,IN,Auto & Home,261802,5570.25531915,47
2011,IN,Business,171038,8551.9,20
2011,IN,Debt,769962,7129.27777778,108
2011,IN,Other/NA,301641,4787.95238095,63
2011,KS,Auto & Home,98500,5472.22222222,18
2011,KS,Business,70382,5027.28571429,14
2011,KS,Debt,376063,6837.50909091,55
2011,KS,Other/NA,111552,4648.0,24
2011,KY,Auto & Home,101000,4391.30434783,23
2011,KY,Business,54000,9000.0,6
2011,KY,Debt,375587,6475.63793103,58
2011,KY,Other/NA,107803,4491.79166667,24
2011,LA,Auto & Home,149200,6486.95652174,23
2011,LA,Business,99400,7646.15384615,13
2011,LA,Debt,267167,6361.11904762,42
2011,LA,Other/NA,143914,4361.03030303,33
2011,MA,Auto & Home,262284,8196.375,32
2011,MA,Business,92000,7076.92307692,13
2011,MA,Debt,711552,6841.84615385,104
2011,MA,Other/NA,337450,7179.78723404,47
2011,MD,Auto & Home,349647,5827.45,60
2011,MD,Business,212318,7321.31034483,29
2011,MD,Debt,1001879,7156.27857143,140
2011,MD,Medical & Personal,4000,4000.0,1
2011,MD,Other/NA,476000,5804.87804878,82
2011,MI,Auto & Home,372026,5314.65714286,70
2011,MI,Business,262073,7279.80555556,36
2011,MI,Debt,952113,6658.13286713,143
2011,MI,Other/NA,356764,4955.05555556,72
2011,MN,Auto & Home,242697,5393.26666667,45
2011,MN,Business,121900,7170.58823529,17
2011,MN,Debt,722060,6624.40366972,109
2011,MN,Other/NA,307362,5392.31578947,57
2011,MN,Taxes,5000,5000.0,1
2011,MO,Auto & Home,270460,5634.58333333,48
2011,MO,Business,244384,6982.4,35
2011,MO,Debt,901979,6833.17424242,132
2011,MO,Other/NA,301515,5025.25,60
2011,MS,Auto & Home,100400,5577.77777778,18
2011,MS,Business,126483,7440.17647059,17
2011,MS,Debt,303590,7060.23255814,43
2011,MS,Medical & Personal,7000,7000.0,1
2011,MS,Other/NA,69200,4070.58823529,17
2011,MT,Auto & Home,37500,6250.0,6
2011,MT,Business,71436,8929.5,8
2011,MT,Debt,64881,4990.84615385,13
2011,MT,Other/NA,17169,4292.25,4
2011,NC,Auto & Home,351624,5764.32786885,61
2011,NC,Business,278615,7143.97435897,39
2011,NC,Debt,1334409,7803.56140351,171
2011,NC,Medical & Personal,2000,2000.0,1
2011,NC,Other/NA,410688,4614.47191011,89
2011,NE,Auto & Home,61300,4378.57142857,14
2011,NE,Business,21500,10750.0,2
2011,NE,Debt,296836,7420.9,40
2011,NE,Other/NA,68000,5666.66666667,12
2011,NH,Auto & Home,92500,7115.38461538,13
2011,NH,Business,12000,4000.0,3
2011,NH,Debt,183261,7330.44,25
2011,NH,Other/NA,55600,4633.33333333,12
2011,NJ,Auto & Home,316400,6878.26086957,46
2011,NJ,Business,268014,8645.61290323,31
2011,NJ,Debt,1146020,7162.625,160
2011,NJ,Medical & Personal,8000,4000.0,2
2011,NJ,Other/NA,581578,6321.5,92
2011,NM,Auto & Home,99475,8289.58333333,12
2011,NM,Business,53229,7604.14285714,7
2011,NM,Debt,154000,7000.0,22
2011,NM,Other/NA,16000,4000.0,4
2011,NV,Auto & Home,86500,6653.84615385,13
2011,NV,Business,75500,6863.63636364,11
2011,NV,Debt,427083,7118.05,60
2011,NV,Medical & Personal,3000,3000.0,1
2011,NV,Other/NA,136900,5265.38461538,26
2011,NY,Auto & Home,646150,6273.30097087,103
2011,NY,Business,509912,7284.45714286,70
2011,NY,Debt,2623864,7605.40289855,345
2011,NY,Other/NA,1157786,5731.61386139,202
2011,NY,Taxes,10000,10000.0,1
2011,OH,Auto & Home,390643,5580.61428571,70
2011,OH,Business,316516,7536.0952381,42
2011,OH,Debt,1572137,6805.78787879,231
2011,OH,Medical & Personal,8000,4000.0,2
2011,OH,Other/NA,500447,5267.86315789,95
2011,OK,Auto & Home,95067,5941.6875,16
2011,OK,Business,50666,6333.25,8
2011,OK,Debt,321060,7296.81818182,44
2011,OK,Other/NA,87500,5833.33333333,15
2011,OR,Auto & Home,119600,4784.0,25
2011,OR,Business,118500,7406.25,16
2011,OR,Debt,584481,6422.86813187,91
2011,OR,Other/NA,153141,4640.63636364,33
2011,OR,Taxes,3500,3500.0,1
2011,PA,Auto & Home,446464,6378.05714286,70
2011,PA,Business,216590,7219.66666667,30
2011,PA,Debt,1074816,6759.8490566,159
2011,PA,Medical & Personal,4000,4000.0,1
2011,PA,Other/NA,494367,5044.56122449,98
2011,RI,Auto & Home,69800,7755.55555556,9
2011,RI,Business,27784,6946.0,4
2011,RI,Debt,221155,7626.03448276,29
2011,RI,Other/NA,59225,4230.35714286,14
2011,SC,Auto & Home,144526,6569.36363636,22
2011,SC,Business,161355,8067.75,20
2011,SC,Debt,463678,7133.50769231,65
2011,SC,Other/NA,135900,5436.0,25
2011,SD,Auto & Home,10000,3333.33333333,3
2011,SD,Business,29500,14750.0,2
2011,SD,Debt,130700,6535.0,20
2011,SD,Other/NA,36450,5207.14285714,7
2011,TN,Auto & Home,288898,6280.39130435,46
2011,TN,Business,101850,6790.0,15
2011,TN,Debt,900832,7570.01680672,119
2011,TN,Other/NA,347057,6310.12727273,55
2011,TX,Auto & Home,724718,6301.89565217,115
2011,TX,Business,740552,8228.35555556,90
2011,TX,Debt,2095245,7078.53040541,296
2011,TX,Medical & Personal,10000,3333.33333333,3
2011,TX,Other/NA,1139471,6061.01595745,188
2011,TX,Taxes,17000,8500.0,2
2011,UT,Auto & Home,144107,5542.57692308,26
2011,UT,Business,72000,6000.0,12
2011,UT,Debt,222408,7174.4516129,31
2011,UT,Other/NA,39400,3940.0,10
2011,VA,Auto & Home,451386,6448.37142857,70
2011,VA,Business,278108,8179.64705882,34
2011,VA,Debt,1716843,8334.18932039,206
2011,VA,Other/NA,587750,6186.84210526,95
2011,VT,Auto & Home,14000,4666.66666667,3
2011,VT,Debt,58100,6455.55555556,9
2011,VT,Other/NA,19500,4875.0,4
2011,WA,Auto & Home,218699,5086.02325581,43
2011,WA,Business,271674,7990.41176471,34
2011,WA,Debt,969051,6417.55629139,151
2011,WA,Medical & Personal,3000,3000.0,1
2011,WA,Other/NA,403088,4856.48192771,83
2011,WI,Auto & Home,215564,6736.375,32
2011,WI,Business,125999,7411.70588235,17
2011,WI,Debt,835232,7524.61261261,111
2011,WI,Medical & Personal,10000,10000.0,1
2011,WI,Other/NA,256919,5709.31111111,45
2011,WI,Taxes,2500,2500.0,1
2011,WV,Auto & Home,37333,4666.625,8
2011,WV,Business,27500,9166.66666667,3
2011,WV,Debt,134650,7480.55555556,18
2011,WV,Other/NA,84200,6476.92307692,13
2011,WY,Auto & Home,7200,7200.0,1
2011,WY,Business,10000,10000.0,1
2011,WY,Debt,31000,10333.3333333,3
2011,WY,Other/NA,27500,4583.33333333,6
2012,AK,Auto & Home,72500,6590.90909091,11
2012,AK,Business,50000,10000.0,5
2012,AK,Debt,104947,6559.1875,16
2012,AK,Medical & Personal,8500,4250.0,2
2012,AK,Other/NA,42500,7083.33333333,6
2012,AL,Auto & Home,447922,7342.98360656,61
2012,AL,Business,115000,6052.63157895,19
2012,AL,Debt,1278093,8754.06164384,146
2012,AL,Medical & Personal,108500,5166.66666667,21
2012,AL,Other/NA,195567,5146.5,38
2012,AL,Taxes,52000,5777.77777778,9
2012,AR,Auto & Home,203350,5648.61111111,36
2012,AR,Business,66500,6650.0,10
2012,AR,Debt,615714,7996.28571429,77
2012,AR,Medical & Personal,43000,3909.09090909,11
2012,AR,Other/NA,180119,5458.15151515,33
2012,AR,Taxes,20000,4000.0,5
2012,AZ,Auto & Home,408331,5517.98648649,74
2012,AZ,Business,258000,7588.23529412,34
2012,AZ,Debt,1230257,9113.01481481,135
2012,AZ,Medical & Personal,170070,6073.92857143,28
2012,AZ,Other/NA,179900,4997.22222222,36
2012,AZ,Taxes,79750,8861.11111111,9
2012,CA,Auto & Home,3220244,6955.17062635,463
2012,CA,Business,1823426,8894.76097561,205
2012,CA,Debt,10593034,9491.96594982,1116
2012,CA,Medical & Personal,1351820,7267.84946237,186
2012,CA,Other/NA,1894384,6789.90681004,279
2012,CA,Taxes,473039,7391.234375,64
2012,CO,Auto & Home,511838,6647.24675325,77
2012,CO,Business,321401,8035.025,40
2012,CO,Debt,1647253,8624.36125654,191
2012,CO,Medical & Personal,218400,6240.0,35
2012,CO,Other/NA,307218,6827.06666667,45
2012,CO,Taxes,64000,9142.85714286,7
2012,CT,Auto & Home,489379,6439.19736842,76
2012,CT,Business,180000,9473.68421053,19
2012,CT,Debt,1552887,9411.43636364,165
2012,CT,Medical & Personal,152500,7625.0,20
2012,CT,Other/NA,282656,6573.39534884,43
2012,CT,Taxes,70400,5866.66666667,12
2012,DC,Auto & Home,58000,4833.33333333,12
2012,DC,Business,69174,8646.75,8
2012,DC,Debt,597400,11488.4615385,52
2012,DC,Medical & Personal,48000,12000.0,4
2012,DC,Other/NA,109000,9909.09090909,11
2012,DE,Auto & Home,106333,6645.8125,16
2012,DE,Debt,283209,8582.09090909,33
2012,DE,Medical & Personal,4000,4000.0,1
2012,DE,Other/NA,66500,9500.0,7
2012,DE,Taxes,24400,6100.0,4
2012,FL,Auto & Home,2002653,6460.17096774,310
2012,FL,Business,1211274,8239.95918367,147
2012,FL,Debt,4800203,8377.31762653,573
2012,FL,Medical & Personal,561650,5912.10526316,95
2012,FL,Other/NA,1325834,6662.48241206,199
2012,FL,Taxes,134800,6419.04761905,21
2012,GA,Auto & Home,1215794,6466.9893617,188
2012,GA,Business,798933,8976.7752809,89
2012,GA,Debt,3742001,9847.37105263,380
2012,GA,Medical & Personal,299614,6241.95833333,48
2012,GA,Other/NA,469676,5727.75609756,82
2012,GA,Taxes,96309,7408.38461538,13
2012,HI,Auto & Home,73000,7300.0,10
2012,HI,Business,40000,6666.66666667,6
2012,HI,Debt,248900,8582.75862069,29
2012,HI,Medical & Personal,76000,7600.0,10
2012,HI,Other/NA,112500,10227.2727273,11
2012,HI,Taxes,17000,8500.0,2
2012,ID,Auto & Home,79500,5678.57142857,14
2012,ID,Business,86300,9588.88888889,9
2012,ID,Debt,283500,7087.5,40
2012,ID,Medical & Personal,23800,7933.33333333,3
2012,ID,Other/NA,66500,7388.88888889,9
2012,IL,Auto & Home,1401624,6400.10958904,219
2012,IL,Business,706300,8828.75,80
2012,IL,Debt,4152427,8968.52483801,463
2012,IL,Medical & Personal,388410,6367.37704918,61
2012,IL,Other/NA,837110,7034.53781513,119
2012,IL,Taxes,151500,6586.95652174,23
2012,IN,Auto & Home,508300,6434.17721519,79
2012,IN,Business,306500,8757.14285714,35
2012,IN,Debt,1778195,8549.01442308,208
2012,IN,Medical & Personal,127000,6047.61904762,21
2012,IN,Other/NA,320100,6039.62264151,53
2012,IN,Taxes,44000,6285.71428571,7
2012,KS,Auto & Home,328600,6991.4893617,47
2012,KS,Business,74000,9250.0,8
2012,KS,Debt,796673,8129.31632653,98
2012,KS,Medical & Personal,126500,5750.0,22
2012,KS,Other/NA,157100,5236.66666667,30
2012,KS,Taxes,20000,6666.66666667,3
2012,KY,Auto & Home,230600,6232.43243243,37
2012,KY,Business,146500,8138.88888889,18
2012,KY,Debt,1214034,8734.05755396,139
2012,KY,Medical & Personal,116500,5295.45454545,22
2012,KY,Other/NA,156750,6815.2173913,23
2012,KY,Taxes,10000,5000.0,2
2012,LA,Auto & Home,359800,7995.55555556,45
2012,LA,Business,165500,10343.75,16
2012,LA,Debt,842981,8601.84693878,98
2012,LA,Medical & Personal,141430,6428.63636364,22
2012,LA,Other/NA,200941,6279.40625,32
2012,LA,Taxes,25000,3571.42857143,7
2012,MA,Auto & Home,711650,7491.05263158,95
2012,MA,Business,281500,10053.5714286,28
2012,MA,Debt,1913372,8697.14545455,220
2012,MA,Medical & Personal,253350,6496.15384615,39
2012,MA,Other/NA,344500,6263.63636364,55
2012,MA,Taxes,8500,2833.33333333,3
2012,MD,Auto & Home,751637,6013.096,125
2012,MD,Business,569676,10357.7454545,55
2012,MD,Debt,2270820,8473.20895522,268
2012,MD,Medical & Personal,210400,4675.55555556,45
2012,MD,Other/NA,450423,5849.64935065,77
2012,MD,Taxes,90049,9004.9,10
2012,MI,Auto & Home,928000,6145.69536424,151
2012,MI,Business,420000,8750.0,48
2012,MI,Debt,2368391,8739.4501845,271
2012,MI,Medical & Personal,293700,5541.50943396,53
2012,MI,Other/NA,609988,7261.76190476,84
2012,MI,Taxes,98232,6548.8,15
2012,MN,Auto & Home,555750,6695.78313253,83
2012,MN,Business,219717,7323.9,30
2012,MN,Debt,1664847,8366.06532663,199
2012,MN,Medical & Personal,112870,4514.8,25
2012,MN,Other/NA,301318,5908.19607843,51
2012,MN,Taxes,74000,8222.22222222,9
2012,MO,Auto & Home,552100,6134.44444444,90
2012,MO,Business,309200,9369.6969697,33
2012,MO,Debt,1687761,7850.05116279,215
2012,MO,Medical & Personal,139822,5825.91666667,24
2012,MO,Other/NA,237400,5790.24390244,41
2012,MO,Taxes,33500,4187.5,8
2012,MS,Auto & Home,226685,6869.24242424,33
2012,MS,Business,60000,8571.42857143,7
2012,MS,Debt,633000,9308.82352941,68
2012,MS,Medical & Personal,46500,4650.0,10
2012,MS,Other/NA,121800,5536.36363636,22
2012,MS,Taxes,36000,6000.0,6
2012,MT,Auto & Home,16500,4125.0,4
2012,MT,Business,64000,7111.11111111,9
2012,MT,Debt,176623,8410.61904762,21
2012,MT,Medical & Personal,30000,4285.71428571,7
2012,MT,Other/NA,25850,6462.5,4
2012,MT,Taxes,19500,6500.0,3
2012,NC,Auto & Home,914475,6263.52739726,146
2012,NC,Business,410857,9554.81395349,43
2012,NC,Debt,2694764,8893.61056106,303
2012,NC,Medical & Personal,235449,5886.225,40
2012,NC,Other/NA,436524,7398.71186441,59
2012,NC,Taxes,70282,6389.27272727,11
2012,NE,Auto & Home,162683,7073.17391304,23
2012,NE,Business,87000,10875.0,8
2012,NE,Debt,470650,9228.43137255,51
2012,NE,Medical & Personal,54500,5450.0,10
2012,NE,Other/NA,74800,5342.85714286,14
2012,NE,Taxes,8500,4250.0,2
2012,NH,Auto & Home,158857,6619.04166667,24
2012,NH,Business,33000,11000.0,3
2012,NH,Debt,444325,8712.25490196,51
2012,NH,Medical & Personal,71800,6527.27272727,11
2012,NH,Other/NA,76150,6345.83333333,12
2012,NH,Taxes,20000,6666.66666667,3
2012,NJ,Auto & Home,857039,6443.90225564,133
2012,NJ,Business,391116,9777.9,40
2012,NJ,Debt,2640561,9043.01712329,292
2012,NJ,Medical & Personal,416700,8681.25,48
2012,NJ,Other/NA,575600,6058.94736842,95
2012,NJ,Taxes,95500,6821.42857143,14
2012,NM,Auto & Home,84700,6515.38461538,13
2012,NM,Business,83000,10375.0,8
2012,NM,Debt,282200,9731.03448276,29
2012,NM,Medical & Personal,24000,4000.0,6
2012,NM,Other/NA,24500,3500.0,7
2012,NM,Taxes,9000,4500.0,2
2012,NV,Auto & Home,247800,5272.34042553,47
2012,NV,Business,179500,9447.36842105,19
2012,NV,Debt,696800,8395.18072289,83
2012,NV,Medical & Personal,70250,5017.85714286,14
2012,NV,Other/NA,171923,6876.92,25
2012,NV,Taxes,36000,9000.0,4
2012,NY,Auto & Home,1754383,6696.11832061,262
2012,NY,Business,1061003,9824.10185185,108
2012,NY,Debt,5801171,8763.09818731,662
2012,NY,Medical & Personal,857041,7791.28181818,110
2012,NY,Other/NA,1464374,7395.82828283,198
2012,NY,Taxes,191200,6167.74193548,31
2012,OH,Auto & Home,945923,5912.01875,160
2012,OH,Business,525420,8474.51612903,62
2012,OH,Debt,3209918,8537.01595745,376
2012,OH,Medical & Personal,369899,6605.33928571,56
2012,OH,Other/NA,521525,6283.43373494,83
2012,OH,Taxes,152100,5432.14285714,28
2012,OK,Auto & Home,194944,6092.0,32
2012,OK,Business,169500,9416.66666667,18
2012,OK,Debt,781055,8489.72826087,92
2012,OK,Medical & Personal,92600,7716.66666667,12
2012,OK,Other/NA,108000,6000.0,18
2012,OK,Taxes,21562,10781.0,2
2012,OR,Auto & Home,265400,5308.0,50
2012,OR,Business,331546,10360.8125,32
2012,OR,Debt,1253825,8892.37588652,141
2012,OR,Medical & Personal,146350,5628.84615385,26
2012,OR,Other/NA,129500,6166.66666667,21
2012,OR,Taxes,49000,4454.54545455,11
2012,PA,Auto & Home,894400,6084.3537415,147
2012,PA,Business,396550,9222.09302326,43
2012,PA,Debt,2248242,8029.43571429,280
2012,PA,Medical & Personal,288350,5884.69387755,49
2012,PA,Other/NA,475400,6174.02597403,77
2012,PA,Taxes,141600,6156.52173913,23
2012,RI,Auto & Home,118913,9147.15384615,13
2012,RI,Business,58750,8392.85714286,7
2012,RI,Debt,354658,7388.70833333,48
2012,RI,Medical & Personal,22100,3157.14285714,7
2012,RI,Other/NA,72500,6590.90909091,11
2012,RI,Taxes,16000,5333.33333333,3
2012,SC,Auto & Home,377582,6742.53571429,56
2012,SC,Business,177200,7383.33333333,24
2012,SC,Debt,971598,9342.28846154,104
2012,SC,Medical & Personal,51868,4322.33333333,12
2012,SC,Other/NA,221200,6320.0,35
2012,SC,Taxes,43000,6142.85714286,7
2012,SD,Auto & Home,27500,5500.0,5
2012,SD,Business,19000,4750.0,4
2012,SD,Debt,223700,7456.66666667,30
2012,SD,Medical & Personal,21100,4220.0,5
2012,SD,Other/NA,27485,5497.0,5
2012,TN,Auto & Home,591339,6797.0,87
2012,TN,Business,221810,7155.16129032,31
2012,TN,Debt,1619389,9149.09039548,177
2012,TN,Medical & Personal,185700,5461.76470588,34
2012,TN,Other/NA,321500,6182.69230769,52
2012,TN,Taxes,32000,4571.42857143,7
2012,TX,Auto & Home,1715014,7028.74590164,244
2012,TX,Business,1093800,9429.31034483,116
2012,TX,Debt,4888076,8887.41090909,550
2012,TX,Medical & Personal,658614,6520.93069307,101
2012,TX,Other/NA,966598,6575.49659864,147
2012,TX,Taxes,154600,7361.9047619,21
2012,UT,Auto & Home,83800,5985.71428571,14
2012,UT,Business,147000,9800.0,15
2012,UT,Debt,437300,9717.77777778,45
2012,UT,Medical & Personal,19500,4875.0,4
2012,UT,Other/NA,55700,5570.0,10
2012,VA,Auto & Home,967556,6960.83453237,139
2012,VA,Business,594522,10250.3793103,58
2012,VA,Debt,2862016,8915.9376947,321
2012,VA,Medical & Personal,308909,6572.53191489,47
2012,VA,Other/NA,444196,6833.78461538,65
2012,VA,Taxes,89900,8172.72727273,11
2012,VT,Auto & Home,55000,7857.14285714,7
2012,VT,Business,22500,22500.0,1
2012,VT,Debt,166438,9246.55555556,18
2012,VT,Medical & Personal,4000,4000.0,1
2012,VT,Other/NA,36000,9000.0,4
2012,WA,Auto & Home,593880,5602.64150943,106
2012,WA,Business,537260,9263.10344828,58
2012,WA,Debt,2091621,9054.63636364,231
2012,WA,Medical & Personal,197869,5496.36111111,36
2012,WA,Other/NA,469126,5791.67901235,81
2012,WA,Taxes,56625,5662.5,10
2012,WI,Auto & Home,451800,6950.76923077,65
2012,WI,Business,184352,7374.08,25
2012,WI,Debt,1693894,8303.40196078,204
2012,WI,Medical & Personal,101700,5650.0,18
2012,WI,Other/NA,329100,9402.85714286,35
2012,WI,Taxes,45500,5687.5,8
2012,WV,Auto & Home,97500,5735.29411765,17
2012,WV,Business,19000,6333.33333333,3
2012,WV,Debt,381932,11233.2941176,34
2012,WV,Medical & Personal,20000,20000.0,1
2012,WV,Other/NA,68550,5273.07692308,13
2012,WY,Auto & Home,9500,4750.0,2
2012,WY,Business,18000,9000.0,2
2012,WY,Debt,94500,10500.0,9
2012,WY,Medical & Personal,26000,6500.0,4
2012,WY,Other/NA,18428,6142.66666667,3
2013,AK,Auto & Home,42000,4666.66666667,9
2013,AK,Business,45000,22500.0,2
2013,AK,Debt,583000,13880.952381,42
2013,AK,Medical & Personal,16000,5333.33333333,3
2013,AK,Other/NA,18500,6166.66666667,3
2013,AK,Taxes,6000,6000.0,1
2013,AL,Auto & Home,377195,8382.11111111,45
2013,AL,Business,67000,6700.0,10
2013,AL,Debt,3967611,10870.1671233,365
2013,AL,Medical & Personal,102500,5694.44444444,18
2013,AL,Other/NA,275550,7872.85714286,35
2013,AR,Auto & Home,236400,6754.28571429,35
2013,AR,Business,68000,7555.55555556,9
2013,AR,Debt,2367353,10292.8391304,230
2013,AR,Medical & Personal,72000,4500.0,16
2013,AR,Other/NA,226300,5955.26315789,38
2013,AR,Taxes,27400,6850.0,4
2013,AZ,Auto & Home,359291,6415.91071429,56
2013,AZ,Business,166500,10406.25,16
2013,AZ,Debt,4457811,10846.2554745,411
2013,AZ,Medical & Personal,185710,6878.14814815,27
2013,AZ,Other/NA,342201,8346.36585366,41
2013,AZ,Taxes,110000,8461.53846154,13
2013,CA,Auto & Home,3622631,8989.15880893,403
2013,CA,Business,1896092,11088.2573099,171
2013,CA,Debt,39820492,11708.4657454,3401
2013,CA,Medical & Personal,1322994,7603.4137931,174
2013,CA,Other/NA,2880664,8809.37003058,327
2013,CA,Taxes,435600,8218.86792453,53
2013,CO,Auto & Home,409750,8195.0,50
2013,CO,Business,396500,14685.1851852,27
2013,CO,Debt,5892724,11442.1825243,515
2013,CO,Medical & Personal,217600,7253.33333333,30
2013,CO,Other/NA,371232,8633.30232558,43
2013,CO,Taxes,50000,8333.33333333,6
2013,CT,Auto & Home,741000,7967.74193548,93
2013,CT,Business,213000,10142.8571429,21
2013,CT,Debt,5381157,11749.2510917,458
2013,CT,Medical & Personal,136500,9100.0,15
2013,CT,Other/NA,413950,8116.66666667,51
2013,CT,Taxes,55000,6875.0,8
2013,DC,Auto & Home,50000,6250.0,8
2013,DC,Business,115000,16428.5714286,7
2013,DC,Debt,1064515,13142.1604938,81
2013,DC,Medical & Personal,25000,12500.0,2
2013,DC,Other/NA,135800,10446.1538462,13
2013,DE,Auto & Home,72800,10400.0,7
2013,DE,Business,39000,13000.0,3
2013,DE,Debt,879500,11572.3684211,76
2013,DE,Medical & Personal,4000,2000.0,2
2013,DE,Other/NA,68000,5666.66666667,12
2013,DE,Taxes,11700,5850.0,2
2013,FL,Auto & Home,1674616,8051.03846154,208
2013,FL,Business,1196204,10493.0175439,114
2013,FL,Debt,15484520,10642.2817869,1455
2013,FL,Medical & Personal,594900,7254.87804878,82
2013,FL,Other/NA,1450051,8381.79768786,173
2013,FL,Taxes,144000,8000.0,18
2013,GA,Auto & Home,1318900,7897.60479042,167
2013,GA,Business,744228,12003.6774194,62
2013,GA,Debt,9610772,11306.7905882,850
2013,GA,Medical & Personal,303676,6901.72727273,44
2013,GA,Other/NA,736366,8273.7752809,89
2013,GA,Taxes,137888,8111.05882353,17
2013,HI,Auto & Home,169000,7347.82608696,23
2013,HI,Business,110000,13750.0,8
2013,HI,Debt,1294680,11161.0344828,116
2013,HI,Medical & Personal,52500,7500.0,7
2013,HI,Other/NA,79000,7181.81818182,11
2013,HI,Taxes,18500,6166.66666667,3
2013,ID,Auto & Home,68500,7611.11111111,9
2013,ID,Business,61500,10250.0,6
2013,ID,Debt,1287879,10140.7795276,127
2013,ID,Medical & Personal,30500,7625.0,4
2013,ID,Other/NA,108500,9041.66666667,12
2013,IL,Auto & Home,1395300,8018.96551724,174
2013,IL,Business,752080,11060.0,68
2013,IL,Debt,14769083,11834.2011218,1248
2013,IL,Medical & Personal,496936,6807.34246575,73
2013,IL,Other/NA,988451,8237.09166667,120
2013,IL,Taxes,107200,7657.14285714,14
2013,IN,Auto & Home,543037,8105.02985075,67
2013,IN,Business,130200,7233.33333333,18
2013,IN,Debt,5124780,10834.6300211,473
2013,IN,Medical & Personal,138800,6609.52380952,21
2013,IN,Other/NA,454000,9265.30612245,49
2013,IN,Taxes,44500,8900.0,5
2013,KS,Auto & Home,220784,7885.14285714,28
2013,KS,Business,161900,8994.44444444,18
2013,KS,Debt,3178550,11474.9097473,277
2013,KS,Medical & Personal,70000,6363.63636364,11
2013,KS,Other/NA,143000,7150.0,20
2013,KS,Taxes,5000,2500.0,2
2013,KY,Auto & Home,266417,6497.97560976,41
2013,KY,Business,80000,10000.0,8
2013,KY,Debt,3019591,10901.0505415,277
2013,KY,Medical & Personal,77250,5942.30769231,13
2013,KY,Other/NA,164000,8200.0,20
2013,KY,Taxes,15000,15000.0,1
2013,LA,Auto & Home,152500,5865.38461538,26
2013,LA,Business,138500,11541.6666667,12
2013,LA,Debt,2778765,11159.6987952,249
2013,LA,Medical & Personal,77000,6416.66666667,12
2013,LA,Other/NA,271397,8481.15625,32
2013,LA,Taxes,39000,9750.0,4
2013,MA,Auto & Home,708846,8751.18518519,81
2013,MA,Business,308200,10627.5862069,29
2013,MA,Debt,6701919,12252.1371115,547
2013,MA,Medical & Personal,230004,9200.16,25
2013,MA,Other/NA,827086,10086.4146341,82
2013,MA,Taxes,63500,10583.3333333,6
2013,MD,Auto & Home,735318,7822.53191489,94
2013,MD,Business,422300,15082.1428571,28
2013,MD,Debt,7264298,12168.0033501,597
2013,MD,Medical & Personal,296800,8480.0,35
2013,MD,Other/NA,696416,8097.86046512,86
2013,MD,Taxes,129700,9264.28571429,14
2013,MI,Auto & Home,1030300,7631.85185185,135
2013,MI,Business,294380,10513.5714286,28
2013,MI,Debt,8133634,10361.3171975,785
2013,MI,Medical & Personal,153500,6395.83333333,24
2013,MI,Other/NA,608899,7248.79761905,84
2013,MI,Taxes,40500,6750.0,6
2013,MN,Auto & Home,739840,8807.61904762,84
2013,MN,Business,198700,7642.30769231,26
2013,MN,Debt,5187761,10608.9182004,489
2013,MN,Medical & Personal,117991,5618.61904762,21
2013,MN,Other/NA,302125,6567.93478261,46
2013,MN,Taxes,41000,5857.14285714,7
2013,MO,Auto & Home,386212,6545.96610169,59
2013,MO,Business,338500,10257.5757576,33
2013,MO,Debt,5281071,10436.8992095,506
2013,MO,Medical & Personal,158900,9931.25,16
2013,MO,Other/NA,305000,7820.51282051,39
2013,MO,Taxes,34000,4250.0,8
2013,MS,Auto & Home,277700,7505.40540541,37
2013,MS,Business,65000,13000.0,5
2013,MS,Debt,2267091,10693.8254717,212
2013,MS,Medical & Personal,50750,5075.0,10
2013,MS,Other/NA,171300,7786.36363636,22
2013,MS,Taxes,33186,11062.0,3
2013,MT,Auto & Home,71500,7150.0,10
2013,MT,Business,41000,10250.0,4
2013,MT,Debt,750700,10009.3333333,75
2013,MT,Medical & Personal,21500,10750.0,2
2013,MT,Other/NA,42000,8400.0,5
2013,NC,Auto & Home,635875,7754.57317073,82
2013,NC,Business,307157,9908.29032258,31
2013,NC,Debt,6951751,10645.8667688,653
2013,NC,Medical & Personal,199400,6432.25806452,31
2013,NC,Other/NA,504350,6815.54054054,74
2013,NC,Taxes,129420,10785.0,12
2013,NE,Auto & Home,259323,8365.25806452,31
2013,NE,Business,113000,11300.0,10
2013,NE,Debt,1780202,10231.045977,174
2013,NE,Medical & Personal,39000,4875.0,8
2013,NE,Other/NA,75000,8333.33333333,9
2013,NE,Taxes,16000,5333.33333333,3
2013,NH,Auto & Home,110500,7366.66666667,15
2013,NH,Business,122000,15250.0,8
2013,NH,Debt,1586333,11664.2132353,136
2013,NH,Medical & Personal,71500,7150.0,10
2013,NH,Other/NA,104500,6531.25,16
2013,NJ,Auto & Home,991160,9263.17757009,107
2013,NJ,Business,490200,11671.4285714,42
2013,NJ,Debt,11028721,12350.1914894,893
2013,NJ,Medical & Personal,393300,7563.46153846,52
2013,NJ,Other/NA,659751,7761.77647059,85
2013,NJ,Taxes,92000,13142.8571429,7
2013,NM,Auto & Home,126000,12600.0,10
2013,NM,Business,106999,11888.7777778,9
2013,NM,Debt,1222400,12102.970297,101
2013,NM,Medical & Personal,18000,6000.0,3
2013,NM,Other/NA,24500,4900.0,5
2013,NV,Auto & Home,310250,7955.12820513,39
2013,NV,Business,128500,8566.66666667,15
2013,NV,Debt,4123572,10794.6910995,382
2013,NV,Medical & Personal,85000,5666.66666667,15
2013,NV,Other/NA,250992,8964.0,28
2013,NV,Taxes,32000,8000.0,4
2013,NY,Auto & Home,2233289,8364.37827715,267
2013,NY,Business,1238178,11680.9245283,106
2013,NY,Debt,19171928,11357.7772512,1688
2013,NY,Medical & Personal,892500,8419.81132075,106
2013,NY,Other/NA,2283037,8124.68683274,281
2013,NY,Taxes,159200,7580.95238095,21
2013,OH,Auto & Home,1113953,8503.45801527,131
2013,OH,Business,585492,11480.2352941,51
2013,OH,Debt,10772569,10561.3421569,1020
2013,OH,Medical & Personal,222700,6362.85714286,35
2013,OH,Other/NA,870250,6906.74603175,126
2013,OH,Taxes,82500,6875.0,12
2013,OK,Auto & Home,157800,6860.86956522,23
2013,OK,Business,158000,12153.8461538,13
2013,OK,Debt,2278203,11167.6617647,204
2013,OK,Medical & Personal,112000,7000.0,16
2013,OK,Other/NA,176050,6771.15384615,26
2013,OK,Taxes,29500,9833.33333333,3
2013,OR,Auto & Home,247803,7288.32352941,34
2013,OR,Business,251500,10479.1666667,24
2013,OR,Debt,4062371,10804.1781915,376
2013,OR,Medical & Personal,76461,5097.4,15
2013,OR,Other/NA,125800,5990.47619048,21
2013,OR,Taxes,20400,6800.0,3
2013,PA,Auto & Home,889940,8395.66037736,106
2013,PA,Business,422821,12435.9117647,34
2013,PA,Debt,8869400,11086.75,800
2013,PA,Medical & Personal,309119,6308.55102041,49
2013,PA,Other/NA,721200,7591.57894737,95
2013,PA,Taxes,127200,6694.73684211,19
2013,RI,Auto & Home,221500,9229.16666667,24
2013,RI,Business,63000,12600.0,5
2013,RI,Debt,1406042,11159.0634921,126
2013,RI,Medical & Personal,15000,3750.0,4
2013,RI,Other/NA,127100,6355.0,20
2013,RI,Taxes,26000,13000.0,2
2013,SC,Auto & Home,350000,8333.33333333,42
2013,SC,Business,112499,9374.91666667,12
2013,SC,Debt,3219619,10696.4086379,301
2013,SC,Medical & Personal,122000,6777.77777778,18
2013,SC,Other/NA,230901,7962.10344828,29
2013,SC,Taxes,76400,15280.0,5
2013,SD,Auto & Home,54500,6812.5,8
2013,SD,Debt,512200,9312.72727273,55
2013,SD,Medical & Personal,15500,7750.0,2
2013,SD,Other/NA,9000,4500.0,2
2013,SD,Taxes,10000,10000.0,1
2013,TN,Auto & Home,510401,7505.89705882,68
2013,TN,Business,271500,10860.0,25
2013,TN,Debt,4349570,10557.2087379,412
2013,TN,Medical & Personal,96700,6446.66666667,15
2013,TN,Other/NA,237545,6251.18421053,38
2013,TN,Taxes,19000,4750.0,4
2013,TX,Auto & Home,1959759,8520.69130435,230
2013,TX,Business,1140974,12677.4888889,90
2013,TX,Debt,22455833,11995.6372863,1872
2013,TX,Medical & Personal,557100,6477.90697674,86
2013,TX,Other/NA,1463497,8459.52023121,173
2013,TX,Taxes,196000,8166.66666667,24
2013,UT,Auto & Home,207940,12231.7647059,17
2013,UT,Business,141500,12863.6363636,11
2013,UT,Debt,1595760,11081.6666667,144
2013,UT,Medical & Personal,55000,7857.14285714,7
2013,UT,Other/NA,85000,9444.44444444,9
2013,UT,Taxes,12300,6150.0,2
2013,VA,Auto & Home,956600,8696.36363636,110
2013,VA,Business,424500,11472.972973,37
2013,VA,Debt,9517347,12062.5437262,789
2013,VA,Medical & Personal,258104,6002.41860465,43
2013,VA,Other/NA,673160,7316.95652174,92
2013,VA,Taxes,99380,9938.0,10
2013,VT,Auto & Home,109000,9909.09090909,11
2013,VT,Debt,624800,10961.4035088,57
2013,VT,Medical & Personal,18000,6000.0,3
2013,VT,Other/NA,47500,4750.0,10
2013,VT,Taxes,5600,5600.0,1
2013,WA,Auto & Home,580000,8656.71641791,67
2013,WA,Business,396500,10716.2162162,37
2013,WA,Debt,6765948,11448.3045685,591
2013,WA,Medical & Personal,146193,6645.13636364,22
2013,WA,Other/NA,479800,8417.54385965,57
2013,WA,Taxes,50835,6354.375,8
2013,WI,Auto & Home,446550,7442.5,60
2013,WI,Business,222500,12361.1111111,18
2013,WI,Debt,5360095,10961.3394683,489
2013,WI,Medical & Personal,123608,6505.68421053,19
2013,WI,Other/NA,288000,7783.78378378,37
2013,WI,Taxes,61000,10166.6666667,6
2013,WV,Auto & Home,129000,7166.66666667,18
2013,WV,Business,9000,9000.0,1
2013,WV,Debt,1098361,10874.8613861,101
2013,WV,Medical & Personal,37400,4675.0,8
2013,WV,Other/NA,58000,7250.0,8
2013,WV,Taxes,57000,14250.0,4
2013,WY,Auto & Home,59736,7467.0,8
2013,WY,Business,21750,7250.0,3
2013,WY,Debt,465900,9912.76595745,47
2013,WY,Other/NA,44000,8800.0,5
2013,WY,Taxes,9000,9000.0,1
2014,AK,Auto & Home,15000,15000.0,1
2014,AK,Debt,402140,15466.9230769,26
2014,AK,Other/NA,19500,9750.0,2
2014,AL,Auto & Home,83000,7545.45454545,11
2014,AL,Business,34000,11333.3333333,3
2014,AL,Debt,1514642,12622.0166667,120
2014,AL,Medical & Personal,14500,7250.0,2
2014,AL,Other/NA,139500,9300.0,15
2014,AL,Taxes,2000,2000.0,1
2014,AR,Auto & Home,89250,6865.38461538,13
2014,AR,Business,30000,15000.0,2
2014,AR,Debt,1055875,11603.021978,91
2014,AR,Medical & Personal,67500,9642.85714286,7
2014,AR,Other/NA,77000,7000.0,11
2014,AR,Taxes,20000,10000.0,2
2014,AZ,Auto & Home,110700,7380.0,15
2014,AZ,Business,101000,12625.0,8
2014,AZ,Debt,2084758,12120.6860465,172
2014,AZ,Medical & Personal,131000,14555.5555556,9
2014,AZ,Other/NA,141000,7833.33333333,18
2014,AZ,Taxes,12500,6250.0,2
2014,CA,Auto & Home,987000,11750.0,84
2014,CA,Business,555300,11814.893617,47
2014,CA,Debt,16316955,12888.5900474,1266
2014,CA,Medical & Personal,382850,7657.0,50
2014,CA,Other/NA,1680085,11053.1907895,152
2014,CA,Taxes,138000,9200.0,15
2014,CO,Auto & Home,132600,12054.5454545,11
2014,CO,Business,227000,10318.1818182,22
2014,CO,Debt,2445593,12351.479798,198
2014,CO,Medical & Personal,24500,6125.0,4
2014,CO,Other/NA,171000,9500.0,18
2014,CO,Taxes,34000,11333.3333333,3
2014,CT,Auto & Home,174000,7909.09090909,22
2014,CT,Business,40000,20000.0,2
2014,CT,Debt,1981100,13569.1780822,146
2014,CT,Medical & Personal,57500,9583.33333333,6
2014,CT,Other/NA,224000,8615.38461538,26
2014,CT,Taxes,41000,10250.0,4
2014,DC,Auto & Home,73000,18250.0,4
2014,DC,Business,17000,8500.0,2
2014,DC,Debt,399872,14281.1428571,28
2014,DC,Medical & Personal,8000,8000.0,1
2014,DC,Other/NA,40000,13333.3333333,3
2014,DC,Taxes,35000,35000.0,1
2014,DE,Auto & Home,18500,6166.66666667,3
2014,DE,Business,15000,15000.0,1
2014,DE,Debt,484750,12118.75,40
2014,DE,Medical & Personal,4000,4000.0,1
2014,DE,Other/NA,43690,8738.0,5
2014,DE,Taxes,2870,2870.0,1
2014,FL,Auto & Home,709500,11443.5483871,62
2014,FL,Business,385900,11350.0,34
2014,FL,Debt,6056887,11342.4850187,534
2014,FL,Medical & Personal,179700,6655.55555556,27
2014,FL,Other/NA,748053,9350.6625,80
2014,FL,Taxes,23500,7833.33333333,3
2014,GA,Auto & Home,166625,8331.25,20
2014,GA,Business,248200,12410.0,20
2014,GA,Debt,4417150,12620.4285714,350
2014,GA,Medical & Personal,60500,8642.85714286,7
2014,GA,Other/NA,414350,10903.9473684,38
2014,GA,Taxes,11500,5750.0,2
2014,HI,Auto & Home,32500,6500.0,5
2014,HI,Business,2000,2000.0,1
2014,HI,Debt,521200,13715.7894737,38
2014,HI,Medical & Personal,36000,9000.0,4
2014,HI,Other/NA,48000,12000.0,4
2014,ID,Auto & Home,50500,10100.0,5
2014,ID,Business,6000,6000.0,1
2014,ID,Debt,655800,10930.0,60
2014,ID,Other/NA,21500,10750.0,2
2014,IL,Auto & Home,297900,9930.0,30
2014,IL,Business,163500,11678.5714286,14
2014,IL,Debt,5833933,12878.4392936,453
2014,IL,Medical & Personal,91000,7000.0,13
2014,IL,Other/NA,351690,9255.0,38
2014,IL,Taxes,16000,4000.0,4
2014,IN,Auto & Home,136200,10476.9230769,13
2014,IN,Business,33500,6700.0,5
2014,IN,Debt,2047300,11248.9010989,182
2014,IN,Medical & Personal,11900,3966.66666667,3
2014,IN,Other/NA,182000,12133.3333333,15
2014,IN,Taxes,4000,4000.0,1
2014,KS,Auto & Home,25000,25000.0,1
2014,KS,Business,46000,11500.0,4
2014,KS,Debt,1325985,11839.1517857,112
2014,KS,Medical & Personal,25500,12750.0,2
2014,KS,Other/NA,111500,9291.66666667,12
2014,KY,Auto & Home,103300,9390.90909091,11
2014,KY,Business,22000,11000.0,2
2014,KY,Debt,1130958,11423.8181818,99
2014,KY,Other/NA,47000,11750.0,4
2014,LA,Auto & Home,3100,3100.0,1
2014,LA,Business,21500,10750.0,2
2014,LA,Debt,1313258,12273.4392523,107
2014,LA,Medical & Personal,5000,5000.0,1
2014,LA,Other/NA,50898,5089.8,10
2014,LA,Taxes,11500,11500.0,1
2014,MA,Auto & Home,235751,10250.0434783,23
2014,MA,Business,149000,16555.5555556,9
2014,MA,Debt,2814492,13030.0555556,216
2014,MA,Medical & Personal,129010,12901.0,10
2014,MA,Other/NA,340848,13109.5384615,26
2014,MA,Taxes,15000,15000.0,1
2014,MD,Auto & Home,116000,8285.71428571,14
2014,MD,Business,127000,14111.1111111,9
2014,MD,Debt,3275874,13706.5857741,239
2014,MD,Medical & Personal,8000,4000.0,2
2014,MD,Other/NA,272450,10898.0,25
2014,MD,Taxes,57000,11400.0,5
2014,MI,Auto & Home,362746,10669.0,34
2014,MI,Business,187500,18750.0,10
2014,MI,Debt,3293186,10589.022508,311
2014,MI,Medical & Personal,115000,10454.5454545,11
2014,MI,Other/NA,212550,8175.0,26
2014,MI,Taxes,32500,5416.66666667,6
2014,MN,Auto & Home,170400,11360.0,15
2014,MN,Business,31000,6200.0,5
2014,MN,Debt,2316134,12063.1979167,192
2014,MN,Medical & Personal,59000,8428.57142857,7
2014,MN,Other/NA,197600,8591.30434783,23
2014,MN,Taxes,7700,3850.0,2
2014,MO,Auto & Home,83000,8300.0,10
2014,MO,Business,94000,10444.4444444,9
2014,MO,Debt,2027184,11583.9085714,175
2014,MO,Medical & Personal,26300,4383.33333333,6
2014,MO,Other/NA,239000,9958.33333333,24
2014,MO,Taxes,13000,13000.0,1
2014,MS,Auto & Home,25000,8333.33333333,3
2014,MS,Business,25000,12500.0,2
2014,MS,Debt,1011156,12037.5714286,84
2014,MS,Medical & Personal,13000,6500.0,2
2014,MS,Other/NA,41500,10375.0,4
2014,MS,Taxes,15000,15000.0,1
2014,MT,Auto & Home,20000,20000.0,1
2014,MT,Debt,236792,10295.3043478,23
2014,MT,Medical & Personal,25000,12500.0,2
2014,MT,Other/NA,8000,8000.0,1
2014,NC,Auto & Home,265452,9153.51724138,29
2014,NC,Business,165500,13791.6666667,12
2014,NC,Debt,3118599,12625.9068826,247
2014,NC,Medical & Personal,32900,5483.33333333,6
2014,NC,Other/NA,250084,10003.36,25
2014,NC,Taxes,16900,16900.0,1
2014,NE,Auto & Home,54000,10800.0,5
2014,NE,Business,45000,15000.0,3
2014,NE,Debt,959692,11424.9047619,84
2014,NE,Medical & Personal,5500,2750.0,2
2014,NE,Other/NA,36700,7340.0,5
2014,NE,Taxes,23000,11500.0,2
2014,NH,Auto & Home,40500,6750.0,6
2014,NH,Business,3000,3000.0,1
2014,NH,Debt,771100,13069.4915254,59
2014,NH,Other/NA,70000,10000.0,7
2014,NH,Taxes,25000,25000.0,1
2014,NJ,Auto & Home,306050,11771.1538462,26
2014,NJ,Business,128500,12850.0,10
2014,NJ,Debt,4187919,13686.0098039,306
2014,NJ,Medical & Personal,108000,7200.0,15
2014,NJ,Other/NA,398100,10476.3157895,38
2014,NJ,Taxes,100200,14314.2857143,7
2014,NM,Auto & Home,15500,7750.0,2
2014,NM,Business,21000,10500.0,2
2014,NM,Debt,780475,13007.9166667,60
2014,NM,Medical & Personal,2000,2000.0,1
2014,NM,Other/NA,47100,11775.0,4
2014,NV,Auto & Home,55000,9166.66666667,6
2014,NV,Business,20000,10000.0,2
2014,NV,Debt,1584716,11567.270073,137
2014,NV,Medical & Personal,74600,8288.88888889,9
2014,NV,Other/NA,98900,16483.3333333,6
2014,NV,Taxes,5000,5000.0,1
2014,NY,Auto & Home,416750,8682.29166667,48
2014,NY,Business,252000,11454.5454545,22
2014,NY,Debt,8069327,12097.9415292,667
2014,NY,Medical & Personal,246000,9840.0,25
2014,NY,Other/NA,794500,8635.86956522,92
2014,NY,Taxes,27000,6750.0,4
2014,OH,Auto & Home,220100,8465.38461538,26
2014,OH,Business,108000,10800.0,10
2014,OH,Debt,4869317,11993.3916256,406
2014,OH,Medical & Personal,80200,5728.57142857,14
2014,OH,Other/NA,428200,8738.7755102,49
2014,OH,Taxes,30000,7500.0,4
2014,OK,Auto & Home,64250,7138.88888889,9
2014,OK,Business,19000,9500.0,2
2014,OK,Debt,1169144,12571.4408602,93
2014,OK,Medical & Personal,15000,5000.0,3
2014,OK,Other/NA,72000,8000.0,9
2014,OR,Auto & Home,149500,13590.9090909,11
2014,OR,Business,59000,11800.0,5
2014,OR,Debt,1254321,10629.8389831,118
2014,OR,Medical & Personal,19300,6433.33333333,3
2014,OR,Other/NA,96700,12087.5,8
2014,PA,Auto & Home,243600,11072.7272727,22
2014,PA,Business,73000,10428.5714286,7
2014,PA,Debt,3882871,12021.2724458,323
2014,PA,Medical & Personal,52600,8766.66666667,6
2014,PA,Other/NA,376700,11771.875,32
2014,PA,Taxes,31000,15500.0,2
2014,RI,Auto & Home,15500,5166.66666667,3
2014,RI,Debt,651465,13029.3,50
2014,RI,Other/NA,20100,6700.0,3
2014,SC,Auto & Home,56000,7000.0,8
2014,SC,Business,30000,10000.0,3
2014,SC,Debt,1280662,11968.8037383,107
2014,SC,Other/NA,18000,6000.0,3
2014,SC,Taxes,30000,15000.0,2
2014,SD,Business,25000,12500.0,2
2014,SD,Debt,227129,10815.6666667,21
2014,SD,Other/NA,14500,7250.0,2
2014,TN,Auto & Home,105400,8107.69230769,13
2014,TN,Business,67000,13400.0,5
2014,TN,Debt,1898504,11791.9503106,161
2014,TN,Medical & Personal,68500,13700.0,5
2014,TN,Other/NA,143900,8464.70588235,17
2014,TN,Taxes,15000,15000.0,1
2014,TX,Auto & Home,649499,10647.5245902,61
2014,TX,Business,236000,12421.0526316,19
2014,TX,Debt,9303995,13310.4363376,699
2014,TX,Medical & Personal,231350,8568.51851852,27
2014,TX,Other/NA,731900,10165.2777778,72
2014,TX,Taxes,60500,15125.0,4
2014,UT,Auto & Home,14000,7000.0,2
2014,UT,Business,25000,12500.0,2
2014,UT,Debt,861000,12850.7462687,67
2014,UT,Medical & Personal,32950,10983.3333333,3
2014,VA,Auto & Home,212500,13281.25,16
2014,VA,Business,163000,13583.3333333,12
2014,VA,Debt,3885722,12698.4379085,306
2014,VA,Medical & Personal,105000,11666.6666667,9
2014,VA,Other/NA,310500,10706.8965517,29
2014,VA,Taxes,65250,13050.0,5
2014,VT,Auto & Home,17400,8700.0,2
2014,VT,Business,35000,11666.6666667,3
2014,VT,Debt,255458,11106.8695652,23
2014,VT,Medical & Personal,4000,4000.0,1
2014,VT,Other/NA,10000,10000.0,1
2014,WA,Auto & Home,171500,9026.31578947,19
2014,WA,Business,100000,11111.1111111,9
2014,WA,Debt,2885300,12544.7826087,230
2014,WA,Medical & Personal,75800,8422.22222222,9
2014,WA,Other/NA,334300,12381.4814815,27
2014,WI,Auto & Home,65000,8125.0,8
2014,WI,Business,49500,12375.0,4
2014,WI,Debt,2111626,12421.3294118,170
2014,WI,Medical & Personal,32000,6400.0,5
2014,WI,Other/NA,171000,9500.0,18
2014,WI,Taxes,16000,8000.0,2
2014,WV,Auto & Home,84000,21000.0,4
2014,WV,Business,18000,6000.0,3
2014,WV,Debt,329969,10998.9666667,30
2014,WY,Auto & Home,20000,20000.0,1
2014,WY,Debt,182000,14000.0,13
2014,WY,Medical & Personal,3000,3000.0,1
