Month Year,Year,Credit Rating,S_DollarLenderYield,Value Loans (agg),S_LYNetP,S_annualNetP,L_DollarLenderYield,L_LOA,L_LYNetP,L_annualNetP,estYield,Estimated Yield,estRateDiff
April-2006,2006,A,30352.42,256302,30352.42,-21226.8734132,35.0,35,35.0,35.0,11.8424436797,-8.28197728194,20.1244209617
April-2006,2006,AA,22088.8425,230503,22088.8425,11160.7363783,35.0,35,35.0,35.0,9.58288720754,4.8419050417,4.74098216584
April-2006,2006,B,54156.1825,365507,54156.1825,-47991.6645732,53.0,53,53.0,53.0,14.8167292282,-13.130162917,27.9468921452
April-2006,2006,C,46514.668,281553,46514.668,-15340.2079929,63.0,63,63.0,63.0,16.5207502673,-5.44842640388,21.9691766711
April-2006,2006,D,42927.716,210431,42927.716,-20164.1216396,53.0,53,53.0,53.0,20.3999011552,-9.58229616341,29.9821973187
April-2006,2006,E,25404.48,118854,25404.48,-16867.4268331,34.0,34,34.0,34.0,21.3745267303,-14.1917199531,35.5662466834
April-2006,2006,HR,9535.57,46277,9535.57,-12790.6500297,21.0,21,21.0,21.0,20.6054195389,-27.6393241344,48.2447436732
April-2006,2006,NC,2620.625,13950,2620.625,-4261.72929826,6.0,6,6.0,6.0,18.7858422939,-30.5500308119,49.3358731058
April-2007,2007,A,143074.9179,1142339,143074.9179,-100189.415397,102.0,102,102.0,102.0,12.5247337174,-8.77055019545,21.2952839128
April-2007,2007,AA,139390.2624,1266156,139390.2624,-31411.4140325,126.0,126,126.0,126.0,11.0089327381,-2.48084864997,13.4897813881
April-2007,2007,B,212142.8995,1488066,212142.8995,-208171.644444,145.0,145,145.0,145.0,14.2562829538,-13.9894093705,28.2456923244
April-2007,2007,C,258344.7733,1540084,258344.7733,-237725.836099,188.0,188,188.0,188.0,16.7747196452,-15.4359006456,32.2106202908
April-2007,2007,D,263378.5338,1343947,263378.5338,-290700.547809,196.0,196,196.0,196.0,19.597389912,-21.6303580282,41.2277479401
April-2007,2007,E,124744.638,547166,124744.638,-109497.170991,113.0,113,113.0,113.0,22.7983167814,-20.0116913316,42.8100081129
April-2007,2007,HR,111211.1294,495744,111211.1294,-144059.551052,155.0,155,155.0,155.0,22.4331770833,-29.059262654,51.4924397374
April-2008,2008,A,221915.4684,1611291,221915.4684,-192213.654969,190.0,190,190.0,190.0,13.7725257821,-11.9291707686,25.7016965507
April-2008,2008,AA,219938.1484,1953738,219938.1484,-91103.8457776,198.0,198,198.0,198.0,11.2573000269,-4.66305337653,15.9203534035
April-2008,2008,B,296305.485,1781027,296305.485,-193736.877298,236.0,236,236.0,236.0,16.6367767024,-10.8778180959,27.5145947983
April-2008,2008,C,279766.3454,1664276,279766.3454,-212983.985801,310.0,310,310.0,310.0,16.8100931216,-12.7973957325,29.6074888541
April-2008,2008,D,189092.3476,1046820,189092.3476,-153146.968056,237.0,237,237.0,237.0,18.0635016144,-14.6297327196,32.6932343341
April-2008,2008,E,61919.4815,234996,61919.4815,-41005.8623048,96.0,96,96.0,96.0,26.3491640283,-17.4496001229,43.7987641512
April-2008,2008,HR,58255.6163,200804,58255.6163,-33963.5187162,103.0,103,103.0,103.0,29.0111831936,-16.9137660187,45.9249492123
April-2009,2009,A,271.9,4000,271.9,-4000.0,2.0,2,2.0,2.0,6.7975,-100.0,106.7975
April-2009,2009,AA,382.0,5000,382.0,-5000.0,1.0,1,1.0,1.0,7.64,-100.0,107.64
April-2009,2009,B,227.25,1500,227.25,-1500.0,1.0,1,1.0,1.0,15.15,-100.0,115.15
April-2009,2009,C,1079.5,5700,1079.5,-5700.0,3.0,3,3.0,3.0,18.9385964912,-100.0,118.938596491
April-2009,2009,D,1516.5,4500,1516.5,-4500.0,2.0,2,2.0,2.0,33.7,-100.0,133.7
April-2010,2010,A,54449.175,616050,54449.175,20845.2773136,124.0,124,124.0,124.0,8.83843438033,3.38369893898,5.45473544135
April-2010,2010,AA,24325.4,323725,24325.4,-2264.28485418,72.0,72,72.0,72.0,7.51421731408,-0.699447016504,8.21366433058
April-2010,2010,B,20943.6,155500,20943.6,5708.94872263,26.0,26,26.0,26.0,13.4685530547,3.67134966086,9.79720339381
April-2010,2010,C,56952.0675,273725,56952.0675,5231.94602823,81.0,81,81.0,81.0,20.8063083387,1.91138771695,18.8949206217
April-2010,2010,D,114927.2825,444541,114927.2825,8232.04286729,114.0,114,114.0,114.0,25.8530219935,1.85180734,24.0012146535
April-2010,2010,E,50721.614,159730,50721.614,19121.8348112,46.0,46,46.0,46.0,31.7545946284,11.9713484075,19.783246221
April-2010,2010,HR,74358.225,227200,74358.225,1172.76138398,72.0,72,72.0,72.0,32.7280919894,0.51618018661,32.2119118028
April-2011,2011,A,32567.2437,340258,32567.2437,-15394.2954119,40.0,40,40.0,40.0,9.57133813165,-4.52430079878,14.0956389304
April-2011,2011,AA,23309.5799,345313,23309.5799,10013.4822401,37.0,37,37.0,37.0,6.75027580775,2.89982776208,3.85044804567
April-2011,2011,B,55805.1975,391925,55805.1975,-16948.5020756,59.0,59,59.0,59.0,14.2387440199,-4.32442484548,18.5631688654
April-2011,2011,C,66059.3391,357209,66059.3391,-3701.51988979,48.0,48,48.0,48.0,18.4931900092,-1.03623365867,19.5294236679
April-2011,2011,D,242494.8857,993843,242494.8857,-10723.5024473,160.0,160,160.0,160.0,24.3997176315,-1.07899360837,25.4787112398
April-2011,2011,E,149427.5649,497451,149427.5649,-51385.2281127,90.0,90,90.0,90.0,30.0386500178,-10.3297064661,40.3683564839
April-2011,2011,HR,80519.8013,262287,80519.8013,-24893.86503,79.0,79,79.0,79.0,30.6991201623,-9.49107848653,40.1901986488
April-2012,2012,A,98410.2731,895311,98410.2731,-63655.5095342,79.0,79,79.0,79.0,10.9917417635,-7.10987685108,18.1016186146
April-2012,2012,AA,17095.817,250122,17095.817,278.423820267,21.0,21,21.0,21.0,6.83499132423,0.111315206286,6.72367611795
April-2012,2012,B,201865.148,1203416,201865.148,-127088.184248,136.0,136,136.0,136.0,16.7743446988,-10.5606194573,27.334964156
April-2012,2012,C,257299.5911,1224989,257299.5911,-160275.917502,149.0,149,149.0,149.0,21.0042368625,-13.0838658552,34.0881027178
April-2012,2012,D,219539.9853,900819,219539.9853,-184333.280863,108.0,108,108.0,108.0,24.3711539499,-20.4628544539,44.8340084038
April-2012,2012,E,85111.19,294300,85111.19,-46502.2980775,86.0,86,86.0,86.0,28.9198742779,-15.8009847358,44.7208590138
April-2012,2012,HR,181398.381,589530,181398.381,-146545.658378,168.0,168,168.0,168.0,30.77,-24.8580493576,55.6280493576
April-2013,2013,A,49389.5342,458314,49389.5342,29923.9117902,39.0,39,39.0,39.0,10.7763529371,6.52912889202,4.24722404505
April-2013,2013,AA,9704.641,142540,9704.641,-12218.4768598,16.0,16,16.0,16.0,6.80836326645,-8.57196356093,15.3803268274
April-2013,2013,B,85448.91,583900,85448.91,11991.7983509,47.0,47,47.0,47.0,14.634168522,2.0537417967,12.5804267253
April-2013,2013,C,145894.2296,749574,145894.2296,-51077.334814,62.0,62,62.0,62.0,19.4636192824,-6.81418176377,26.2778010462
April-2013,2013,D,95623.09,407100,95623.09,-4637.94091557,49.0,49,49.0,49.0,23.4888454925,-1.13926330522,24.6281087977
April-2013,2013,E,44602.15,164500,44602.15,-21307.3498387,44.0,44,44.0,44.0,27.113768997,-12.9527962545,40.0665652515
April-2013,2013,HR,10861.72,35800,10861.72,-2665.9854248,10.0,10,10.0,10.0,30.34,-7.44688666144,37.7868866614
August-2006,2006,A,73050.27,562986,73050.27,-22799.4814462,61.0,61,61.0,61.0,12.9755038314,-4.04974216876,17.0252460001
August-2006,2006,AA,50905.7833,480434,50905.7833,-11957.3237982,68.0,68,68.0,68.0,10.5957911597,-2.48885878148,13.0846499411
August-2006,2006,B,84242.6036,551933,84242.6036,-52708.1513654,77.0,77,77.0,77.0,15.2631938297,-9.54973726257,24.8129310923
August-2006,2006,C,107365.234,605610,107365.234,-94968.4392805,112.0,112,112.0,112.0,17.7284447086,-15.6814516406,33.4098963492
August-2006,2006,D,166514.6393,771893,166514.6393,-77399.2311561,136.0,136,136.0,136.0,21.5722437307,-10.0271969245,31.5994406551
August-2006,2006,E,138292.292,538298,138292.292,-86717.7950168,138.0,138,138.0,138.0,25.6906568481,-16.1096260838,41.8002829319
August-2006,2006,HR,74499.78,287342,74499.78,-109254.375106,124.0,124,124.0,124.0,25.9272156524,-38.0224175742,63.9496332267
August-2006,2006,NC,4377.1,17452,4377.1,-13345.1555939,8.0,8,8.0,8.0,25.0807930323,-76.46777214,101.548565172
August-2007,2007,A,131431.3112,998227,131431.3112,-81913.5362901,100.0,100,100.0,100.0,13.1664752807,-8.20590269449,21.3723779752
August-2007,2007,AA,92787.5194,917232,92787.5194,-61351.4993781,89.0,89,89.0,89.0,10.1160360083,-6.68876569702,16.8048017054
August-2007,2007,B,179197.1693,1245195,179197.1693,-199379.403679,137.0,137,137.0,137.0,14.3910929051,-16.0119020458,30.4029949509
August-2007,2007,C,229242.6644,1321626,229242.6644,-146622.672853,203.0,203,203.0,203.0,17.3455020104,-11.0941123172,28.4396143276
August-2007,2007,D,176851.9165,871625,176851.9165,-90595.7407846,173.0,173,173.0,173.0,20.2899086763,-10.3938896641,30.6837983404
August-2007,2007,E,82864.6515,355656,82864.6515,-49288.5412377,103.0,103,103.0,103.0,23.2991012383,-13.8584872005,37.1575884387
August-2007,2007,HR,39307.2867,170651,39307.2867,-40946.5069844,72.0,72,72.0,72.0,23.033727725,-23.9942965376,47.0280242626
August-2007,2008,AA,147.0,3000,147.0,125.822412168,1.0,1,1.0,1.0,4.9,4.19408040559,0.705919594411
August-2007,2008,B,2535.0,15500,2535.0,1681.26878255,2.0,2,2.0,2.0,16.3548387097,10.8468953713,5.50794333838
August-2007,2008,C,253.0,2000,253.0,119.991726459,1.0,1,1.0,1.0,12.65,5.99958632297,6.65041367703
August-2008,2008,A,190094.541,1187527,190094.541,-90332.2527475,137.0,137,137.0,137.0,16.0075973852,-7.6067535936,23.6143509788
August-2008,2008,AA,188840.6535,1482857,188840.6535,-102932.022929,161.0,161,161.0,161.0,12.7349200564,-6.94146656956,19.6763866259
August-2008,2008,B,252525.2496,1375928,252525.2496,-147193.054656,197.0,197,197.0,197.0,18.3530860336,-10.6977294347,29.0508154682
August-2008,2008,C,201803.8326,992622,201803.8326,-93691.9936135,225.0,225,225.0,225.0,20.3303808096,-9.43883911635,29.769219926
August-2008,2008,D,134693.4104,633361,134693.4104,-19390.4865657,196.0,196,196.0,196.0,21.2664515813,-3.06152203336,24.3279736147
August-2008,2008,E,61805.03,204049,61805.03,5649.52031575,104.0,104,104.0,104.0,30.2893079603,2.76870767107,27.5206002893
August-2008,2008,HR,54319.3125,179113,54319.3125,-32406.5730082,104.0,104,104.0,104.0,30.3268397604,-18.0928090134,48.4196487738
August-2009,2009,A,33370.1201,323739,33370.1201,5212.10293495,70.0,70,70.0,70.0,10.3077232277,1.60997066617,8.69775256149
August-2009,2009,AA,20687.475,224150,20687.475,-5296.01511008,41.0,41,41.0,41.0,9.22929957618,-2.36271028779,11.592009864
August-2009,2009,B,18468.41,129440,18468.41,8570.54238682,21.0,21,21.0,21.0,14.2679310878,6.6212472086,7.64668387916
August-2009,2009,C,37572.2035,195177,37572.2035,11397.1374236,60.0,60,60.0,60.0,19.2503232963,5.83938549294,13.4109378034
August-2009,2009,D,43948.3,182825,43948.3,22990.2368504,52.0,52,52.0,52.0,24.0384520717,12.5749962261,11.4634558455
August-2009,2009,E,13508.11,48549,13508.11,1424.79950774,31.0,31,31.0,31.0,27.8236626913,2.93476592256,24.8888967687
August-2009,2009,HR,17279.9,65450,17279.9,11068.6708788,17.0,17,17.0,17.0,26.4016806723,16.9116438179,9.49003685435
August-2009,2010,A,902.0,11000,902.0,520.856838778,3.0,3,3.0,3.0,8.2,4.73506217071,3.46493782929
August-2009,2010,AA,1181.25,15000,1181.25,608.31849174,2.0,2,2.0,2.0,7.875,4.0554566116,3.8195433884
August-2009,2010,B,1897.5,15000,1897.5,1235.29542405,1.0,1,1.0,1.0,12.65,8.235302827,4.414697173
August-2009,2010,C,1379.7,7300,1379.7,1395.79719259,1.0,1,1.0,1.0,18.9,19.1205094876,-0.220509487593
August-2009,2010,E,1815.0,6000,1815.0,1546.48160023,1.0,1,1.0,1.0,30.25,25.7746933372,4.47530666282
August-2009,2010,HR,315.0,1500,315.0,173.454870477,1.0,1,1.0,1.0,21.0,11.5636580318,9.43634196822
August-2010,2010,A,25965.67,256500,25965.67,5525.83843712,34.0,34,34.0,34.0,10.1230682261,2.15432297744,7.96874524869
August-2010,2010,AA,22142.05,295300,22142.05,13969.6955915,35.0,35,35.0,35.0,7.49815441923,4.73067917085,2.76747524838
August-2010,2010,B,70785.5415,517721,70785.5415,30464.5969361,67.0,67,67.0,67.0,13.6725266118,5.88436569815,7.78816091368
August-2010,2010,C,25039.2,114700,25039.2,20107.7870584,12.0,12,12.0,12.0,21.8301656495,17.5307646542,4.29940099533
August-2010,2010,D,104278.15,409010,104278.15,12472.950209,113.0,113,113.0,113.0,25.4952568397,3.04954651696,22.4457103227
August-2010,2010,E,74915.3405,228715,74915.3405,20917.5300753,69.0,69,69.0,69.0,32.7548873052,9.14567478096,23.6092125242
August-2010,2010,HR,65103.1657,205549,65103.1657,14287.2514206,73.0,73,73.0,73.0,31.6728204467,6.95077641859,24.7220440281
August-2011,2011,A,67088.8259,569487,67088.8259,-13937.2446014,79.0,79,79.0,79.0,11.7805719709,-2.44733323173,14.2279052026
August-2011,2011,AA,14377.5637,178463,14377.5637,12270.0253389,17.0,17,17.0,17.0,8.05632747404,6.87538892595,1.18093854809
August-2011,2011,B,67461.2985,395515,67461.2985,13115.7037427,63.0,63,63.0,63.0,17.0565714322,3.31610779431,13.7404636379
August-2011,2011,C,70349.88,376200,70349.88,26061.4266882,49.0,49,49.0,49.0,18.7001275917,6.92754563748,11.7725819542
August-2011,2011,D,305545.7244,1178456,305545.7244,-96463.5274214,209.0,209,209.0,209.0,25.9276311037,-8.18558583616,34.1132169399
August-2011,2011,E,277120.1225,913275,277120.1225,-72779.8355174,178.0,178,178.0,178.0,30.3435572527,-7.96910410527,38.312661358
August-2011,2011,HR,85432.6113,278787,85432.6113,-34210.9580201,77.0,77,77.0,77.0,30.6444028237,-12.27136058,42.9157634037
August-2012,2012,A,102153.7759,916936,102153.7759,-39998.7216818,87.0,87,87.0,87.0,11.1407749178,-4.3622152126,15.5029901304
August-2012,2012,AA,41925.876,512444,41925.876,-39704.2876008,41.0,41,41.0,41.0,8.181552716,-7.74802468189,15.9295773979
August-2012,2012,B,123443.7288,742687,123443.7288,-119820.757078,77.0,77,77.0,77.0,16.6212319322,-16.1334124709,32.754644403
August-2012,2012,C,245831.079,1192095,245831.079,-168863.86505,132.0,132,132.0,132.0,20.6217691543,-14.1653026856,34.7870718399
August-2012,2012,D,303642.1063,1266857,303642.1063,-202465.480318,148.0,148,148.0,148.0,23.9681437052,-15.9817154042,39.9498591094
August-2012,2012,E,70636.71,249400,70636.71,-14494.9432108,65.0,65,65.0,65.0,28.3226583801,-5.81192590648,34.1345842866
August-2012,2012,HR,182189.17,592100,182189.17,-136631.782318,169.0,169,169.0,169.0,30.77,-23.0757950208,53.8457950208
August-2013,2013,A,30773.3732,281218,30773.3732,31532.5387081,25.0,25,25.0,25.0,10.942888862,11.212845091,-0.269956229009
August-2013,2013,AA,4124.66,64850,4124.66,-1447.94672053,11.0,11,11.0,11.0,6.36030840401,-2.23276286897,8.59307127298
August-2013,2013,B,71454.4,481000,71454.4,92488.329034,38.0,38,38.0,38.0,14.8553846154,19.2283428345,-4.37295821913
August-2013,2013,C,71213.43,375200,71213.43,65527.2108519,35.0,35,35.0,35.0,18.9801252665,17.464608436,1.51551683052
August-2013,2013,D,54430.47,232600,54430.47,59027.8792619,29.0,29,29.0,29.0,23.4008899398,25.377420147,-1.9765302072
August-2013,2013,E,10288.3,38000,10288.3,4445.79558051,11.0,11,11.0,11.0,27.0744736842,11.699462054,15.3750116302
August-2013,2013,HR,2427.2,8000,2427.2,-2368.39398654,2.0,2,2.0,2.0,30.34,-29.6049248317,59.9449248317
December-2005,2005,A,760.331,8998,760.331,392.251989456,1.0,1,1.0,1.0,8.45,4.3593241771,4.0906758229
December-2005,2005,AA,227.5,3500,227.5,105.724759586,1.0,1,1.0,1.0,6.5,3.02070741674,3.47929258326
December-2005,2006,C,850.0,10000,850.0,547.442366569,1.0,1,1.0,1.0,8.5,5.47442366569,3.02557633431
December-2006,2006,A,39589.795,351779,39589.795,-16498.3103399,43.0,43,43.0,43.0,11.2541666785,-4.68996453452,15.944131213
December-2006,2006,AA,30371.9525,334436,30371.9525,24086.7255126,57.0,57,57.0,57.0,9.08154400244,7.20219280001,1.87935120243
December-2006,2006,B,39703.58,261249,39703.58,-15662.5968902,33.0,33,33.0,33.0,15.1976007564,-5.99527534659,21.192876103
December-2006,2006,C,67961.845,434855,67961.845,-38344.9928331,72.0,72,72.0,72.0,15.6286221844,-8.81788017457,24.446502359
December-2006,2006,D,86836.304,449404,86836.304,-53761.380354,83.0,83,83.0,83.0,19.3225480859,-11.9628174992,31.2853655851
December-2006,2006,E,118411.7095,508009,118411.7095,-71168.4799772,152.0,152,152.0,152.0,23.3089786795,-14.0092951064,37.3182737859
December-2006,2006,HR,85364.11,376195,85364.11,-112016.826098,159.0,159,159.0,159.0,22.6914525711,-29.7762665901,52.4677191612
December-2006,2006,NC,4595.125,21100,4595.125,-5517.48272257,14.0,14,14.0,14.0,21.7778436019,-26.149207216,47.9270508178
December-2006,2007,A,16780.6,160420,16780.6,2076.57114127,18.0,18,18.0,18.0,10.4604164069,1.29445900839,9.16595739854
December-2006,2007,AA,18639.176,198201,18639.176,-7564.37562751,26.0,26,26.0,26.0,9.40417858638,-3.81651738766,13.220695974
December-2006,2007,B,50275.6452,368946,50275.6452,-17171.9786283,35.0,35,35.0,35.0,13.6268302678,-4.65433386681,18.2811641347
December-2006,2007,C,81339.465,483918,81339.465,-128712.819132,47.0,47,47.0,47.0,16.8085223116,-26.5980639554,43.406586267
December-2006,2007,D,59161.1823,303779,59161.1823,-42730.1428085,43.0,43,43.0,43.0,19.4750730959,-14.0661937818,33.5412668777
December-2006,2007,E,51772.0195,230238,51772.0195,-65855.3736005,52.0,52,52.0,52.0,22.486305258,-28.6031730646,51.0894783227
December-2006,2007,HR,51443.0175,212387,51443.0175,-89313.7729517,79.0,79,79.0,79.0,24.2213588873,-42.0523727684,66.2737316557
December-2006,2007,NC,3150.165,12701,3150.165,-12052.3179078,4.0,4,4.0,4.0,24.8024958665,-94.8926691426,119.695165009
December-2007,2007,A,127300.565,978994,127300.565,-58610.7999337,84.0,84,84.0,84.0,13.0032017561,-5.98683954485,18.9900413009
December-2007,2007,AA,75319.081,699111,75319.081,-46673.5807401,79.0,79,79.0,79.0,10.7735511242,-6.67613308045,17.4496842047
December-2007,2007,B,165822.3209,1085490,165822.3209,-114437.669836,122.0,122,122.0,122.0,15.2762642585,-10.5424895519,25.8187538104
December-2007,2007,C,151542.9188,798994,151542.9188,-103123.395389,146.0,146,146.0,146.0,18.9667154947,-12.9066545417,31.8733700365
December-2007,2007,D,63520.549,285192,63520.549,-37270.4385471,79.0,79,79.0,79.0,22.272907024,-13.0685427877,35.3414498117
December-2007,2007,E,26803.125,110104,26803.125,-3476.09659658,42.0,42,42.0,42.0,24.3434616363,-3.15710291777,27.500564554
December-2007,2007,HR,24877.1255,88999,24877.1255,-25360.7987643,35.0,35,35.0,35.0,27.9521404735,-28.4955996857,56.4477401592
December-2007,2008,A,44019.1625,367226,44019.1625,-42354.0417318,39.0,39,39.0,39.0,11.9869406033,-11.5335084476,23.5204490509
December-2007,2008,AA,61338.818,627948,61338.818,-15423.2357704,61.0,61,61.0,61.0,9.7681365336,-2.45613263685,12.2242691704
December-2007,2008,B,114454.69,749479,114454.69,-182362.917353,77.0,77,77.0,77.0,15.2712337504,-24.3319582474,39.6031919977
December-2007,2008,C,79061.6136,419900,79061.6136,-32504.6485152,69.0,69,69.0,69.0,18.8286767326,-7.7410451334,26.569721866
December-2007,2008,D,54515.6298,242004,54515.6298,-17393.1708661,59.0,59,59.0,59.0,22.5267474091,-7.18714189276,29.7138893019
December-2007,2008,E,17419.2099,67194,17419.2099,-9859.95777305,27.0,27,27.0,27.0,25.9237579248,-14.6738663765,40.5976243014
December-2007,2008,HR,11473.0,45155,11473.0,-14052.9791575,18.0,18,18.0,18.0,25.4080389769,-31.1216457923,56.5296847692
December-2009,2009,A,40408.2985,401651,40408.2985,8526.73678185,75.0,75,75.0,75.0,10.0605497061,2.12292183559,7.9376278705
December-2009,2009,AA,28991.95,320775,28991.95,20768.3600232,43.0,43,43.0,43.0,9.0380952381,6.47443224165,2.56366299644
December-2009,2009,B,11227.0,81300,11227.0,6856.32730849,12.0,12,12.0,12.0,13.8093480935,8.43336692311,5.37598117037
December-2009,2009,C,46321.1955,217301,46321.1955,-20123.4383616,56.0,56,56.0,56.0,21.3166048477,-9.2606285114,30.5772333591
December-2009,2009,D,64700.28,239330,64700.28,26683.8986797,60.0,60,60.0,60.0,27.0339196925,11.1494165711,15.8845031213
December-2009,2009,E,35076.055,108350,35076.055,6757.88170649,30.0,30,30.0,30.0,32.3729164744,6.23708510059,26.1358313738
December-2009,2009,HR,51558.13,156711,51558.13,11241.7616537,40.0,40,40.0,40.0,32.9001346428,7.17356257935,25.7265720634
December-2009,2010,A,17347.45,194300,17347.45,3156.98791654,28.0,28,28.0,28.0,8.92817807514,1.62480078052,7.30337729462
December-2009,2010,AA,7327.44,99300,7327.44,5845.26386749,13.0,13,13.0,13.0,7.37909365559,5.88646915155,1.49262450404
December-2009,2010,B,3711.5,28250,3711.5,2651.547286,6.0,6,6.0,6.0,13.1380530973,9.38600809202,3.75204500532
December-2009,2010,C,11640.0295,59735,11640.0295,6073.56746199,25.0,25,25.0,25.0,19.4861128317,10.1675189788,9.31859385286
December-2009,2010,D,22652.37,87650,22652.37,14658.1845176,21.0,21,21.0,21.0,25.8441186537,16.7235419482,9.12057670553
December-2009,2010,E,12992.7,40500,12992.7,-894.230433874,12.0,12,12.0,12.0,32.0807407407,-2.20797637994,34.2887171207
December-2009,2010,HR,9178.25,27600,9178.25,-3042.83862022,11.0,11,11.0,11.0,33.2545289855,-11.0247776095,44.279306595
December-2010,2010,A,24111.9935,242657,24111.9935,4977.06668445,27.0,27,27.0,27.0,9.93665688606,2.05107072306,7.885586163
December-2010,2010,AA,17540.5,234000,17540.5,10272.5902846,22.0,22,22.0,22.0,7.49594017094,4.3899958481,3.10594432284
December-2010,2010,B,45646.76,336550,45646.76,4873.75743193,45.0,45,45.0,45.0,13.5631436636,1.4481525574,12.1149911062
December-2010,2010,C,17562.0,88200,17562.0,-13104.0986955,9.0,9,9.0,9.0,19.9115646259,-14.8572547568,34.7688193827
December-2010,2010,D,122757.044,451710,122757.044,19531.5362377,104.0,104,104.0,104.0,27.1760740298,4.32391052616,22.8521635036
December-2010,2010,E,73151.832,235336,73151.832,-4276.83421343,57.0,57,57.0,57.0,31.0839956488,-1.81733105578,32.9013267046
December-2010,2010,HR,66196.795,199350,66196.795,23606.5800291,74.0,74,74.0,74.0,33.2063180336,11.8417757859,21.3645422478
December-2010,2011,A,19602.8065,190780,19602.8065,7389.80418551,19.0,19,19.0,19.0,10.2750846525,3.87346901431,6.40161563817
December-2010,2011,AA,7411.701,116642,7411.701,-19653.6123996,13.0,13,13.0,13.0,6.35423003721,-16.8495159544,23.2037459916
December-2010,2011,B,29290.019,210721,29290.019,-680.955997104,22.0,22,22.0,22.0,13.8999050878,-0.323155260797,14.2230603486
December-2010,2011,C,12275.64,62600,12275.64,9244.55674449,9.0,9,9.0,9.0,19.6096485623,14.7676625311,4.84198603117
December-2010,2011,D,65462.27,239900,65462.27,37747.4841472,49.0,49,49.0,49.0,27.2873155481,15.734674509,11.5526410391
December-2010,2011,E,37509.6,120250,37509.6,-8230.93232366,22.0,22,22.0,22.0,31.193014553,-6.84485016521,38.0378647182
December-2010,2011,HR,4515.0,13500,4515.0,2598.89187351,3.0,3,3.0,3.0,33.4444444444,19.2510509149,14.1933935296
December-2011,2011,A,97759.6838,893637,97759.6838,41185.200272,95.0,95,95.0,95.0,10.9395295629,4.60871699269,6.3308125702
December-2011,2011,AA,5272.2,67000,5272.2,3810.42572118,10.0,10,10.0,10.0,7.86895522388,5.68720256892,2.18175265496
December-2011,2011,B,160601.8536,947476,160601.8536,-63140.2692949,113.0,113,113.0,113.0,16.9504930573,-6.66404946351,23.6145425209
December-2011,2011,C,56974.53,261800,56974.53,7285.38516155,33.0,33,33.0,33.0,21.7626165011,2.78280563848,18.9798108627
December-2011,2011,D,262919.615,1084250,262919.615,-97650.920107,184.0,184,184.0,184.0,24.2489845515,-9.00631036265,33.2552949142
December-2011,2011,E,107524.82,363400,107524.82,-56481.4062936,76.0,76,76.0,76.0,29.5885580627,-15.5424893488,45.1310474116
December-2011,2011,HR,93844.962,309060,93844.962,-57881.6337472,88.0,88,88.0,88.0,30.3646418171,-18.7282837466,49.0929255637
December-2011,2012,A,18410.4,175000,18410.4,-6452.76172244,16.0,16,16.0,16.0,10.5202285714,-3.68729241283,14.2075209843
December-2011,2012,AA,2063.25,29500,2063.25,1927.29312467,7.0,7,7.0,7.0,6.99406779661,6.53319703279,0.460870763821
December-2011,2012,B,34485.605,226350,34485.605,11372.4911401,28.0,28,28.0,28.0,15.235522421,5.02429473828,10.2112276828
December-2011,2012,C,25462.3,121000,25462.3,8329.66021151,14.0,14,14.0,14.0,21.0432231405,6.88401670373,14.1592064368
December-2011,2012,D,65145.41,265900,65145.41,-12745.2653326,43.0,43,43.0,43.0,24.4999661527,-4.79325510815,29.2932212608
December-2011,2012,E,22763.4,76500,22763.4,-9917.32543965,20.0,20,20.0,20.0,29.7560784314,-12.9638241041,42.7199025355
December-2011,2012,HR,42550.5,140000,42550.5,-18286.7371742,39.0,39,39.0,39.0,30.3932142857,-13.0619551244,43.4551694101
December-2012,2012,A,25291.6886,256786,25291.6886,-44002.4602506,34.0,34,34.0,34.0,9.84932535263,-17.1358486252,26.9851739778
December-2012,2012,AA,5699.17,69300,5699.17,3746.17363752,9.0,9,9.0,9.0,8.22391053391,5.40573396468,2.81817656924
December-2012,2012,B,22188.75,156500,22188.75,14395.6515757,20.0,20,20.0,20.0,14.178115016,9.19849940936,4.97961560661
December-2012,2012,C,56633.3551,305211,56633.3551,-17561.0258809,48.0,48,48.0,48.0,18.5554764081,-5.75373295226,24.3092093604
December-2012,2012,D,57512.4276,242748,57512.4276,-13644.5107638,39.0,39,39.0,39.0,23.6922354046,-5.62085403948,29.3130894441
December-2012,2012,E,31124.0,110250,31124.0,-9648.16450408,31.0,31,31.0,31.0,28.2303854875,-8.75116961821,36.9815551057
December-2012,2012,HR,34478.7705,112165,34478.7705,-24906.9696353,33.0,33,33.0,33.0,30.7393308964,-22.2056520619,52.9449829584
December-2012,2013,A,18843.82,196800,18843.82,16973.7416018,13.0,13,13.0,13.0,9.57511178862,8.62486870008,0.950243088539
December-2012,2013,AA,4983.85,63500,4983.85,5436.82726922,5.0,5,5.0,5.0,7.84858267717,8.56193270744,-0.713350030275
December-2012,2013,B,26899.66,188900,26899.66,-21377.3288264,16.0,16,16.0,16.0,14.2401588142,-11.3167436879,25.5569025021
December-2012,2013,C,43518.7248,235998,43518.7248,-15487.1160041,24.0,24,24.0,24.0,18.4402939008,-6.56239290336,25.0026868042
December-2012,2013,D,39834.4099,171296,39834.4099,15805.4571986,19.0,19,19.0,19.0,23.2547227606,9.226985568,14.0277371926
December-2012,2013,E,6655.325,26250,6655.325,-3463.52360885,7.0,7,7.0,7.0,25.3536190476,-13.1943756528,38.5479947004
December-2012,2013,HR,9657.5697,31561,9657.5697,-16612.4306496,10.0,10,10.0,10.0,30.5996948766,-52.6359451527,83.2356400293
December-2013,2013,A,6248.42,63080,6248.42,8802.06404922,5.0,5,5.0,5.0,9.90554850983,13.9538111116,-4.04826260181
December-2013,2013,AA,123.2,2000,123.2,175.658112619,1.0,1,1.0,1.0,6.16,8.78290563094,-2.62290563094
December-2013,2013,B,21783.0,164500,21783.0,32206.5819469,11.0,11,11.0,11.0,13.2419452888,19.5784692687,-6.3365239799
December-2013,2013,C,12315.0,71200,12315.0,18687.3734339,10.0,10,10.0,10.0,17.2963483146,26.2463110027,-8.94996268812
December-2013,2013,D,17415.9408,82502,17415.9408,30425.1331334,9.0,9,9.0,9.0,21.109719522,36.8780552391,-15.7683357172
December-2013,2013,E,6879.1,26500,6879.1,10394.3744628,7.0,7,7.0,7.0,25.9588679245,39.2240545766,-13.265186652
December-2013,2013,HR,2367.2,8000,2367.2,3871.55966059,2.0,2,2.0,2.0,29.59,48.3944957574,-18.8044957574
December-2013,2014,C,1424.75,9500,1424.75,2522.12536764,2.0,2,2.0,2.0,14.9973684211,26.5486880805,-11.5513196594
December-2013,2014,D,410.0,2000,410.0,-2000.0,1.0,1,1.0,1.0,20.5,-100.0,120.5
February-2006,2006,A,9124.315,107701,9124.315,2453.00037385,14.0,14,14.0,14.0,8.47189441138,2.2776022264,6.19429218498
February-2006,2006,AA,12296.6175,165652,12296.6175,1777.44476363,24.0,24,24.0,24.0,7.42316271461,1.07299927778,6.35016343683
February-2006,2006,B,11192.0,109400,11192.0,-2362.73897683,14.0,14,14.0,14.0,10.2303473492,-2.15972484171,12.3900721909
February-2006,2006,C,12663.8625,102831,12663.8625,-7501.12144434,18.0,18,18.0,18.0,12.3152186597,-7.29461100674,19.6098296665
February-2006,2006,D,10404.25,82150,10404.25,818.09045909,16.0,16,16.0,16.0,12.6649421789,0.995849615447,11.6690925635
February-2006,2006,E,8828.8,51600,8828.8,2108.64162864,13.0,13,13.0,13.0,17.1100775194,4.08651478418,13.0235627352
February-2006,2006,HR,6644.0,29550,6644.0,-3438.82504979,11.0,11,11.0,11.0,22.4839255499,-11.6373098132,34.1212353631
February-2006,2006,NC,976.875,5550,976.875,-3590.66053108,2.0,2,2.0,2.0,17.6013513514,-64.6965861457,82.297937497
February-2007,2007,A,127711.5,1061200,127711.5,-184050.947357,98.0,98,98.0,98.0,12.0346306069,-17.3436625855,29.3782931923
February-2007,2007,AA,95831.7645,965888,95831.7645,-4910.7911166,120.0,120,120.0,120.0,9.92162284861,-0.508422417154,10.4300452658
February-2007,2007,B,139843.0415,1017600,139843.0415,-77787.4647744,101.0,101,101.0,101.0,13.7424372543,-7.64420840943,21.3866456638
February-2007,2007,C,284205.1731,1728748,284205.1731,-308869.22624,201.0,201,201.0,201.0,16.4399422646,-17.8666425783,34.3065848429
February-2007,2007,D,224265.4852,1188855,224265.4852,-260532.091227,197.0,197,197.0,197.0,18.863989738,-21.9145388821,40.7785286201
February-2007,2007,E,133032.9092,583545,133032.9092,-114466.23532,128.0,128,128.0,128.0,22.7973693888,-19.6156655134,42.4130349022
February-2007,2007,HR,127505.8845,548926,127505.8845,-178675.195613,203.0,203,203.0,203.0,23.2282465214,-32.5499603978,55.7782069191
February-2007,2007,NC,4494.65,20050,4494.65,-2130.20281821,9.0,9,9.0,9.0,22.4172069825,-10.6244529587,33.0416599412
February-2008,2008,A,174206.64,1296769,174206.64,-102205.073368,136.0,136,136.0,136.0,13.4338991756,-7.88151732255,21.3154164981
February-2008,2008,AA,134896.691,1236238,134896.691,-67618.8888478,133.0,133,133.0,133.0,10.9118706107,-5.46973065444,16.3816012651
February-2008,2008,B,246077.1619,1594700,246077.1619,-250723.079475,167.0,167,167.0,167.0,15.4309375995,-15.7222724948,31.1532100944
February-2008,2008,C,194327.0235,1088610,194327.0235,-96188.622441,205.0,205,205.0,205.0,17.8509313253,-8.83591207512,26.6868434004
February-2008,2008,D,156093.311,757770,156093.311,-96066.2646169,168.0,168,168.0,168.0,20.5990354593,-12.6774964193,33.2765318787
February-2008,2008,E,68094.4696,249207,68094.4696,-36589.0608752,93.0,93,93.0,93.0,27.3244610304,-14.6821962767,42.0066573071
February-2008,2008,HR,34698.78,126922,34698.78,-29046.0144668,63.0,63,63.0,63.0,27.3386646917,-22.884932846,50.2235975377
February-2010,2010,A,47331.716,540868,47331.716,13151.7028573,105.0,105,105.0,105.0,8.75106606418,2.43159197019,6.31947409399
February-2010,2010,AA,26762.58,315519,26762.58,14788.6128712,54.0,54,54.0,54.0,8.48208190315,4.68707522247,3.79500668068
February-2010,2010,B,30096.85,217600,30096.85,17103.7810272,29.0,29,29.0,29.0,13.8312729779,7.86019348677,5.97107949117
February-2010,2010,C,48116.465,240050,48116.465,26146.1353524,74.0,74,74.0,74.0,20.0443511768,10.8919539064,9.1523972704
February-2010,2010,D,76978.865,296230,76978.865,8777.09131438,71.0,71,71.0,71.0,25.9861813456,2.96293127447,23.0232500711
February-2010,2010,E,19898.14,63051,19898.14,7772.94439104,22.0,22,22.0,22.0,31.558801605,12.3280271384,19.2307744666
February-2010,2010,HR,37355.3,113900,37355.3,7135.58246607,35.0,35,35.0,35.0,32.7965759438,6.26477828452,26.5317976593
February-2011,2011,A,46401.5894,534812,46401.5894,-1985.24703755,73.0,73,73.0,73.0,8.67624312843,-0.371204654635,9.04744778306
February-2011,2011,AA,26802.7773,489171,26802.7773,17551.750117,71.0,71,71.0,71.0,5.47922450431,3.5880602319,1.89116427242
February-2011,2011,B,100360.426,747940,100360.426,3684.84076048,96.0,96,96.0,96.0,13.4182455812,0.492665288723,12.9255802925
February-2011,2011,C,74076.8689,408011,74076.8689,8519.65079187,64.0,64,64.0,64.0,18.1556058293,2.08809340725,16.067512422
February-2011,2011,D,278509.0821,1129679,278509.0821,-22183.1194313,214.0,214,214.0,214.0,24.6538248564,-1.96366573437,26.6174905908
February-2011,2011,E,125274.15,408500,125274.15,15671.5030317,85.0,85,85.0,85.0,30.6668665851,3.83635325133,26.8305133337
February-2011,2011,HR,32507.6214,105986,32507.6214,-868.629420751,34.0,34,34.0,34.0,30.6716183269,-0.819569962779,31.4911882897
February-2012,2012,A,62512.8893,678073,62512.8893,-32921.148477,88.0,88,88.0,88.0,9.21919753478,-4.85510387185,14.0743014066
February-2012,2012,AA,23491.0625,357381,23491.0625,7905.08543926,39.0,39,39.0,39.0,6.57311454722,2.2119489954,4.36116555182
February-2012,2012,B,149092.8899,992311,149092.8899,-95794.3669138,114.0,114,114.0,114.0,15.0248147909,-9.65366371166,24.6784785026
February-2012,2012,C,215335.9115,1046785,215335.9115,-177956.216048,142.0,142,142.0,142.0,20.571169008,-17.0002642422,37.5714332502
February-2012,2012,D,185881.6055,746815,185881.6055,-81304.0945346,93.0,93,93.0,93.0,24.8899132315,-10.8867784571,35.7766916887
February-2012,2012,E,83255.82,283800,83255.82,-21544.9541651,80.0,80,80.0,80.0,29.3360887949,-7.59159766214,36.9276864571
February-2012,2012,HR,214436.13,696900,214436.13,-35685.8601485,189.0,189,189.0,189.0,30.77,-5.12065721746,35.8906572175
February-2013,2013,A,18263.811,193630,18263.811,-8453.70437219,25.0,25,25.0,25.0,9.43232505294,-4.36590630181,13.7982313547
February-2013,2013,AA,8553.85,149500,8553.85,7703.69626893,14.0,14,14.0,14.0,5.72163879599,5.15297409293,0.568664703054
February-2013,2013,B,51831.9007,362510,51831.9007,-496.515219079,43.0,43,43.0,43.0,14.2980609363,-0.136965937237,14.4350268735
February-2013,2013,C,94925.8874,501886,94925.8874,-19420.0777629,50.0,50,50.0,50.0,18.9138344963,-3.86942009996,22.7832545962
February-2013,2013,D,79892.4868,360479,79892.4868,-3431.02532177,49.0,49,49.0,49.0,22.1628685166,-0.951796171697,23.1146646883
February-2013,2013,E,36271.65,139500,36271.65,-23934.2522757,40.0,40,40.0,40.0,26.0011827957,-17.1571700901,43.1583528858
February-2013,2013,HR,16231.9,53500,16231.9,-3031.15055982,14.0,14,14.0,14.0,30.34,-5.66570198097,36.005701981
January-2006,2006,A,630.0,13000,630.0,505.69317281,2.0,2,2.0,2.0,4.84615384615,3.88994748315,0.956206363001
January-2006,2006,AA,1081.6,16120,1081.6,804.267080233,5.0,5,5.0,5.0,6.70967741935,4.98924987738,1.72042754198
January-2006,2006,D,612.5,7000,612.5,361.854333586,1.0,1,1.0,1.0,8.75,5.16934762266,3.58065237734
January-2006,2006,HR,1652.5,13500,1652.5,-3206.69316208,2.0,2,2.0,2.0,12.2407407407,-23.7532826821,35.9940234228
January-2007,2007,A,95530.48,830491,95530.48,-52435.685858,74.0,74,74.0,74.0,11.5028916629,-6.31381747159,17.8167091345
January-2007,2007,AA,74401.9275,732412,74401.9275,-61134.2468588,87.0,87,87.0,87.0,10.1584801314,-8.34697504394,18.5054551753
January-2007,2007,B,150481.2025,1099823,150481.2025,-126019.292728,108.0,108,108.0,108.0,13.6823109264,-11.4581430583,25.1404539846
January-2007,2007,C,201320.065,1169149,201320.065,-257335.131613,118.0,118,118.0,118.0,17.2193676768,-22.0104650145,39.2298326914
January-2007,2007,D,199359.1844,1013671,199359.1844,-181824.955064,156.0,156,156.0,156.0,19.6670501968,-17.9372750196,37.6043252164
January-2007,2007,E,175030.321,772828,175030.321,-178342.695446,182.0,182,182.0,182.0,22.6480304803,-23.0766348329,45.7246653131
January-2007,2007,HR,132428.4813,561127,132428.4813,-213677.836744,225.0,225,225.0,225.0,23.6004471893,-38.0801203193,61.6805675086
January-2007,2007,NC,11214.9485,51404,11214.9485,-24499.5013566,22.0,22,22.0,22.0,21.8172681114,-47.6606905233,69.4779586348
January-2008,2008,A,168214.2275,1358735,168214.2275,-159760.053464,134.0,134,134.0,134.0,12.3802086132,-11.7579994233,24.1382080365
January-2008,2008,AA,168143.7038,1496371,168143.7038,-101099.479626,158.0,158,158.0,158.0,11.2367657352,-6.75631107699,17.9930768122
January-2008,2008,B,314245.3746,1926087,314245.3746,-264823.098104,209.0,209,209.0,209.0,16.3152222407,-13.7492801781,30.0645024188
January-2008,2008,C,168790.7414,1001588,168790.7414,-34267.9131811,189.0,189,189.0,189.0,16.8523126675,-3.42135820128,20.2736708688
January-2008,2008,D,150385.7595,674324,150385.7595,-98907.4512639,155.0,155,155.0,155.0,22.3017065239,-14.6676451178,36.9693516416
January-2008,2008,E,61468.3678,231842,61468.3678,-21398.6144101,95.0,95,95.0,95.0,26.5130424168,-9.22982652413,35.7428689409
January-2008,2008,HR,32216.545,138377,32216.545,-28500.0423563,67.0,67,67.0,67.0,23.2817195054,-20.5959388889,43.8776583943
January-2010,2010,A,42228.015,491566,42228.015,8436.05315609,82.0,82,82.0,82.0,8.59050768361,1.71615879782,6.87434888579
January-2010,2010,AA,41309.242,535487,41309.242,27601.93529,72.0,72,72.0,72.0,7.71433144035,5.1545481571,2.55978328325
January-2010,2010,B,19504.0,136900,19504.0,8399.66062552,21.0,21,21.0,21.0,14.2468955442,6.13561769578,8.11127784841
January-2010,2010,C,76605.909,358587,76605.909,31033.5156703,83.0,83,83.0,83.0,21.3632700014,8.65438949832,12.7088805031
January-2010,2010,D,61842.795,238500,61842.795,13226.8879166,57.0,57,57.0,57.0,25.9298930818,5.54586495457,20.3840281272
January-2010,2010,E,29228.4274,94603,29228.4274,7072.39647294,34.0,34,34.0,34.0,30.895877932,7.47586912988,23.4200088021
January-2010,2010,HR,46742.1615,146658,46742.1615,1080.25372452,51.0,51,51.0,51.0,31.8715388864,0.736580155547,31.1349587308
January-2011,2011,A,46939.3307,514883,46939.3307,21120.4579249,57.0,57,57.0,57.0,9.11650427379,4.10199170004,5.01451257374
January-2011,2011,AA,38074.21,594900,38074.21,26808.6864781,49.0,49,49.0,49.0,6.40010253824,4.5064189743,1.89368356394
January-2011,2011,B,112735.2708,833792,112735.2708,58516.1825468,95.0,95,95.0,95.0,13.5207906528,7.01807915485,6.50271149797
January-2011,2011,C,65144.55,352000,65144.55,14336.7531954,41.0,41,41.0,41.0,18.5069744318,4.07294124871,14.4340331831
January-2011,2011,D,282099.31,1082300,282099.31,28902.7319884,195.0,195,195.0,195.0,26.0647981151,2.6704917295,23.3943063856
January-2011,2011,E,130731.51,423100,130731.51,-16354.6536669,87.0,87,87.0,87.0,30.8984897187,-3.86543457029,34.763924289
January-2011,2011,HR,2449.6,8000,2449.6,1355.42406492,2.0,2,2.0,2.0,30.62,16.9428008115,13.6771991885
January-2012,2012,A,114217.7517,1118679,114217.7517,-74516.1345616,102.0,102,102.0,102.0,10.210055941,-6.66108280942,16.8711387504
January-2012,2012,AA,27044.08,398200,27044.08,5119.35319958,32.0,32,32.0,32.0,6.79158211954,1.28562360612,5.50595851341
January-2012,2012,B,174775.1773,1121577,174775.1773,-40552.0886743,138.0,138,138.0,138.0,15.582985145,-3.61563126511,19.1986164101
January-2012,2012,C,235295.5355,1103895,235295.5355,-174499.700524,134.0,134,134.0,134.0,21.3150286486,-15.8076357374,37.122664386
January-2012,2012,D,250628.3141,975181,250628.3141,-191441.550329,151.0,151,151.0,151.0,25.7006970091,-19.6313864123,45.3320834213
January-2012,2012,E,71742.17,247300,71742.17,-29793.9390996,72.0,72,72.0,72.0,29.0101779216,-12.0476906994,41.057868621
January-2012,2012,HR,177013.6414,576682,177013.6414,-47060.8420259,157.0,157,157.0,157.0,30.6951910065,-8.16062267002,38.8558136765
January-2013,2013,A,35269.2029,332293,35269.2029,-60585.3893442,40.0,40,40.0,40.0,10.6138868107,-18.2325204997,28.8464073105
January-2013,2013,AA,9798.644,163390,9798.644,7408.22859952,16.0,16,16.0,16.0,5.99708917314,4.53407711581,1.46301205734
January-2013,2013,B,98551.8402,626318,98551.8402,28460.8724186,54.0,54,54.0,54.0,15.7351122273,4.54415686897,11.1909553584
January-2013,2013,C,136067.868,706095,136067.868,62124.3534623,67.0,67,67.0,67.0,19.2704760691,8.79829958608,10.472176483
January-2013,2013,D,101067.3741,435371,101067.3741,35093.0695964,61.0,61,61.0,61.0,23.214080428,8.06049773558,15.1535826924
January-2013,2013,E,56084.42,218950,56084.42,-11353.8756519,60.0,60,60.0,60.0,25.6151724138,-5.1856020333,30.8007744471
January-2013,2013,HR,7888.4,26000,7888.4,-130.354495331,7.0,7,7.0,7.0,30.34,-0.501363443582,30.8413634436
January-2014,2014,A,6192.5,69000,6192.5,6811.36940241,4.0,4,4.0,4.0,8.97463768116,9.87154985856,-0.896912177399
January-2014,2014,AA,707.0,14000,707.0,1146.59442057,1.0,1,1.0,1.0,5.05,8.18996014692,-3.13996014692
January-2014,2014,B,1291.4,11000,1291.4,1545.24443433,2.0,2,2.0,2.0,11.74,14.0476766757,-2.30767667569
January-2014,2014,C,20089.75,119000,20089.75,27994.6504573,10.0,10,10.0,10.0,16.8821428571,23.5249163507,-6.64277349352
January-2014,2014,D,7619.0,37000,7619.0,12110.735778,4.0,4,4.0,4.0,20.5918918919,32.7317183188,-12.1398264269
January-2014,2014,E,6329.72,23800,6329.72,9687.05475782,3.0,3,3.0,3.0,26.5954621849,40.7019107472,-14.1064485623
July-2006,2006,A,43893.8065,381916,43893.8065,16190.9137864,51.0,51,51.0,51.0,11.4930525299,4.23939132856,7.25366120131
July-2006,2006,AA,26759.0096,284973,26759.0096,-11052.2804364,48.0,48,48.0,48.0,9.39001575588,-3.87836055921,13.2683763151
July-2006,2006,B,58365.4594,393660,58365.4594,6074.62505682,62.0,62,62.0,62.0,14.8263626988,1.54311463111,13.2832480677
July-2006,2006,C,77867.6215,492328,77867.6215,-53173.8240242,85.0,85,85.0,85.0,15.8162081986,-10.8004874848,26.6166956834
July-2006,2006,D,93102.9465,440273,93102.9465,-25036.0676782,102.0,102,102.0,102.0,21.1466400392,-5.68648717458,26.8331272138
July-2006,2006,E,109700.049,454489,109700.049,-142205.139794,128.0,128,128.0,128.0,24.1370085965,-31.2890168506,55.426025447
July-2006,2006,HR,67054.605,277842,67054.605,-78963.8062028,112.0,112,112.0,112.0,24.1340780012,-28.4203994366,52.5544774378
July-2006,2006,NC,10127.2376,42202,10127.2376,-27954.143576,15.0,15,15.0,15.0,23.9970560637,-66.2389071039,90.2359631676
July-2007,2007,A,142504.817,1075813,142504.817,-103270.644171,119.0,119,119.0,119.0,13.2462441893,-9.5993117922,22.8455559815
July-2007,2007,AA,104498.641,961802,104498.641,-12325.6390651,99.0,99,99.0,99.0,10.8648808175,-1.28151522508,12.1463960425
July-2007,2007,B,208691.6806,1379720,208691.6806,-103646.161096,158.0,158,158.0,158.0,15.1256545241,-7.51211558112,22.6377701052
July-2007,2007,C,266437.1693,1568968,266437.1693,-351145.546856,220.0,220,220.0,220.0,16.9816828195,-22.3806697686,39.3623525882
July-2007,2007,D,220130.1093,1088334,220130.1093,-137614.06147,197.0,197,197.0,197.0,20.2263376225,-12.6444695718,32.8708071943
July-2007,2007,E,75351.747,310675,75351.747,-67623.5803806,80.0,80,80.0,80.0,24.254203589,-21.7666630339,46.0208666229
July-2007,2007,HR,48691.71,214452,48691.71,-34664.5861408,85.0,85,85.0,85.0,22.7051787813,-16.1642633973,38.8694421786
July-2007,2008,AA,1428.0,15000,1428.0,1284.44342459,1.0,1,1.0,1.0,9.52,8.56295616394,0.95704383606
July-2007,2008,B,2100.0,7500,2100.0,162.703355673,1.0,1,1.0,1.0,28.0,2.16937807565,25.8306219244
July-2007,2008,E,660.0,2000,660.0,476.870059486,1.0,1,1.0,1.0,33.0,23.8435029743,9.1564970257
July-2008,2008,A,185837.1315,1229248,185837.1315,-170749.32023,144.0,144,144.0,144.0,15.1179527239,-13.8905509897,29.0085037137
July-2008,2008,AA,220751.856,1887764,220751.856,-45401.8845705,180.0,180,180.0,180.0,11.6938269826,-2.40506146799,14.0988884506
July-2008,2008,B,228529.378,1400832,228529.378,-104034.529903,216.0,216,216.0,216.0,16.3138319227,-7.42662431348,23.7404562362
July-2008,2008,C,252485.7075,1248965,252485.7075,-113431.979305,275.0,275,275.0,275.0,20.2155951128,-9.0820783052,29.297673418
July-2008,2008,D,151731.4235,689899,151731.4235,-24539.4828366,231.0,231,231.0,231.0,21.9932806831,-3.55696744546,25.5502481286
July-2008,2008,E,63173.2928,212656,63173.2928,-12145.1635639,115.0,115,115.0,115.0,29.7068000903,-5.71117841203,35.4179785023
July-2008,2008,HR,59777.9925,213623,59777.9925,-31841.7926953,118.0,118,118.0,118.0,27.9829384008,-14.9056013141,42.888539715
July-2009,2009,A,16750.62,184300,16750.62,2214.28882836,36.0,36,36.0,36.0,9.08877916441,1.20145894105,7.88732022335
July-2009,2009,AA,12801.975,163050,12801.975,6143.96899265,30.0,30,30.0,30.0,7.85156393744,3.76815025615,4.0834136813
July-2009,2009,B,14594.8,111600,14594.8,-5045.0576212,15.0,15,15.0,15.0,13.0777777778,-4.52066095089,17.5984387287
July-2009,2009,C,23867.12,134200,23867.12,15107.5535641,40.0,40,40.0,40.0,17.7847391952,11.2574914785,6.52724771675
July-2009,2009,D,13991.75,61300,13991.75,-6516.38482993,21.0,21,21.0,21.0,22.825040783,-10.6303178302,33.4553586133
July-2009,2009,E,4440.6,17200,4440.6,91.8502213464,13.0,13,13.0,13.0,25.8174418605,0.534012914805,25.2834289457
July-2009,2009,HR,5922.162,19599,5922.162,3049.65662619,9.0,9,9.0,9.0,30.2166539109,15.5602664737,14.6563874372
July-2009,2010,A,1797.95,21900,1797.95,1078.82960541,5.0,5,5.0,5.0,8.2098173516,4.92616258176,3.28365476984
July-2009,2010,AA,251.4,5000,251.4,165.057145936,3.0,3,3.0,3.0,5.028,3.30114291872,1.72685708128
July-2009,2010,C,625.0,4000,625.0,451.719914225,2.0,2,2.0,2.0,15.625,11.2929978556,4.33200214437
July-2009,2010,D,2410.5,11600,2410.5,1719.72670308,3.0,3,3.0,3.0,20.7801724138,14.825230199,5.95494221483
July-2009,2010,E,2474.25,7500,2474.25,1256.23501183,1.0,1,1.0,1.0,32.99,16.7498001577,16.2401998423
July-2009,2010,HR,677.0,2000,677.0,717.631701282,1.0,1,1.0,1.0,33.85,35.8815850641,-2.03158506411
July-2010,2010,A,42880.4545,475932,42880.4545,23389.9226569,87.0,87,87.0,87.0,9.00978595682,4.91455137643,4.09523458039
July-2010,2010,AA,35815.923,443401,35815.923,10888.770923,66.0,66,66.0,66.0,8.07754673535,2.45573891872,5.62180781663
July-2010,2010,B,35638.2272,265634,35638.2272,10316.6054179,32.0,32,32.0,32.0,13.4162897822,3.88376691911,9.53252286307
July-2010,2010,C,47010.7725,235875,47010.7725,15440.2667549,69.0,69,69.0,69.0,19.9303751987,6.54595304923,13.3844221495
July-2010,2010,D,91962.1875,365625,91962.1875,32617.6432052,97.0,97,97.0,97.0,25.1520512821,8.92106480826,16.2309864738
July-2010,2010,E,36179.53,113250,36179.53,15268.8876335,38.0,38,38.0,38.0,31.9466048565,13.4824614865,18.46414337
July-2010,2010,HR,88488.43,271985,88488.43,19471.8949603,72.0,72,72.0,72.0,32.5343052007,7.15917971956,25.3751254811
July-2011,2011,A,60685.978,582667,60685.978,2290.37056144,76.0,76,76.0,76.0,10.4152076572,0.39308396759,10.0221236896
July-2011,2011,AA,7864.5009,93591,7864.5009,7130.98543867,9.0,9,9.0,9.0,8.4030525371,7.61930681227,0.783745724837
July-2011,2011,B,56867.3914,346786,56867.3914,-26486.9208196,43.0,43,43.0,43.0,16.3984103741,-7.63782875306,24.0362391272
July-2011,2011,C,85258.3445,450055,85258.3445,-36438.3763081,57.0,57,57.0,57.0,18.943983402,-8.09642739401,27.040410796
July-2011,2011,D,266910.085,1036100,266910.085,-38732.9351962,156.0,156,156.0,156.0,25.7610351317,-3.73833946494,29.4993745967
July-2011,2011,E,245806.1207,815613,245806.1207,-45405.1521336,153.0,153,153.0,153.0,30.1375923017,-5.56699710937,35.7045894111
July-2011,2011,HR,79655.3393,260307,79655.3393,-10074.5693366,78.0,78,78.0,78.0,30.6005367893,-3.87026447104,34.4708012603
July-2011,2012,A,639.2,8000,639.2,374.264818203,1.0,1,1.0,1.0,7.99,4.67831022754,3.31168977246
July-2012,2012,A,95263.6855,812891,95263.6855,-4205.67758922,77.0,77,77.0,77.0,11.7191216904,-0.517372881385,12.2364945717
July-2012,2012,AA,17449.57,250750,17449.57,3186.72710905,25.0,25,25.0,25.0,6.95895114656,1.27087820899,5.68807293757
July-2012,2012,B,178472.6315,1095989,178472.6315,-24368.6321627,122.0,122,122.0,122.0,16.2841626604,-2.22343765884,18.5076003192
July-2012,2012,C,238896.272,1126780,238896.272,-128940.825939,139.0,139,139.0,139.0,21.201678411,-11.4433009051,32.6449793162
July-2012,2012,D,260894.81,1056900,260894.81,-219872.967727,128.0,128,128.0,128.0,24.6849096414,-20.8035734437,45.4884830852
July-2012,2012,E,90229.25,318000,90229.25,-53598.3868158,82.0,82,82.0,82.0,28.3739779874,-16.8548386213,45.2288166087
July-2012,2012,HR,176969.6549,575137,176969.6549,-82230.7107527,163.0,163,163.0,163.0,30.77,-14.297586619,45.067586619
July-2013,2013,A,38118.615,357350,38118.615,34912.3366291,34.0,34,34.0,34.0,10.6670253253,9.76978777925,0.897237546063
July-2013,2013,AA,7680.45,110500,7680.45,8542.46577939,8.0,8,8.0,8.0,6.95063348416,7.73073826189,-0.780104777731
July-2013,2013,B,58619.505,396950,58619.505,34393.706323,39.0,39,39.0,39.0,14.7674782718,8.6644933425,6.10298492933
July-2013,2013,C,79345.46,414400,79345.46,88464.5572255,47.0,47,47.0,47.0,19.1470704633,21.3476248131,-2.20055434978
July-2013,2013,D,74895.89,315400,74895.89,15084.166897,46.0,46,46.0,46.0,23.7463189601,4.78255133071,18.9637676293
July-2013,2013,E,25940.05,93500,25940.05,25936.3962402,25.0,25,25.0,25.0,27.743368984,27.7394612194,0.00390776451146
July-2013,2013,HR,5491.54,18100,5491.54,6788.96571969,6.0,6,6.0,6.0,30.34,37.5080978988,-7.16809789884
June-2006,2006,A,20078.155,190350,20078.155,-5131.9171981,37.0,37,37.0,37.0,10.5480194379,-2.69604265727,13.2440620951
June-2006,2006,AA,18814.6301,214703,18814.6301,-6942.12577137,40.0,40,40.0,40.0,8.7630960443,-3.2333622592,11.9964583035
June-2006,2006,B,38546.2525,262801,38546.2525,-404.86401918,47.0,47,47.0,47.0,14.6674679701,-0.154057259744,14.8215252298
June-2006,2006,C,90360.183,517477,90360.183,-34940.8550377,91.0,91,91.0,91.0,17.4616810022,-6.75215614175,24.213837144
June-2006,2006,D,57810.612,290941,57810.612,-61866.5935356,79.0,79,79.0,79.0,19.8702183604,-21.2643090989,41.1345274594
June-2006,2006,E,83637.747,369422,83637.747,-43353.6797051,113.0,113,113.0,113.0,22.6401640942,-11.7355435532,34.3757076474
June-2006,2006,HR,67159.242,277187,67159.242,-79718.8360536,116.0,116,116.0,116.0,24.2288570532,-28.7599476359,52.9888046891
June-2006,2006,NC,2787.265,12801,2787.265,-1832.08623069,6.0,6,6.0,6.0,21.7738067338,-14.3120555479,36.0858622818
June-2007,2007,A,118050.5454,1003352,118050.5454,-62130.6952624,110.0,110,110.0,110.0,11.7656161945,-6.19231289342,17.9579290879
June-2007,2007,AA,108270.1082,941838,108270.1082,-52221.3435216,95.0,95,95.0,95.0,11.495619013,-5.54462057398,17.040239587
June-2007,2007,B,226817.5404,1498985,226817.5404,-251888.36349,158.0,158,158.0,158.0,15.1314082796,-16.8039282241,31.9353365037
June-2007,2007,C,260310.3291,1443788,260310.3291,-234619.307874,190.0,190,190.0,190.0,18.0296781176,-16.2502602788,34.2799383964
June-2007,2007,D,210102.7812,1054911,210102.7812,-133136.625985,192.0,192,192.0,192.0,19.9166357351,-12.6206500819,32.537285817
June-2007,2007,E,100657.8684,436319,100657.8684,-105419.359058,102.0,102,102.0,102.0,23.0697880221,-24.1610745942,47.2308626162
June-2007,2007,HR,68220.1232,311356,68220.1232,-46605.2154442,95.0,95,95.0,95.0,21.9106499313,-14.9684655007,36.8791154319
June-2007,2008,D,870.0,6000,870.0,676.501715035,1.0,1,1.0,1.0,14.5,11.2750285839,3.22497141608
June-2008,2008,A,291404.0404,1710285,291404.0404,-205507.357434,173.0,173,173.0,173.0,17.0383322312,-12.015971457,29.0543036882
June-2008,2008,AA,217681.67,1929956,217681.67,-155379.312885,189.0,189,189.0,189.0,11.2791001453,-8.05092514466,19.3300252899
June-2008,2008,B,304122.5615,1840992,304122.5615,-175133.359459,260.0,260,260.0,260.0,16.5194939196,-9.5129886202,26.0324825398
June-2008,2008,C,237396.3218,1284126,237396.3218,-109544.935026,285.0,285,285.0,285.0,18.4869959646,-8.53069987106,27.0176958356
June-2008,2008,D,172256.9215,849063,172256.9215,-46499.3028949,241.0,241,241.0,241.0,20.2878845857,-5.47654330655,25.7644278923
June-2008,2008,E,59793.1105,216647,59793.1105,-22488.9376781,110.0,110,110.0,110.0,27.5993254003,-10.3804519232,37.9797773235
June-2008,2008,HR,43110.625,152235,43110.625,-17242.0135054,87.0,87,87.0,87.0,28.3184714422,-11.3259194701,39.6443909123
June-2010,2010,A,52050.158,573024,52050.158,-603.964022847,114.0,114,114.0,114.0,9.08341675043,-0.105399428793,9.18881617923
June-2010,2010,AA,29253.1,360100,29253.1,557.635869605,58.0,58,58.0,58.0,8.12360455429,0.154855837158,7.96874871713
June-2010,2010,B,30319.16,225410,30319.16,19139.6506084,32.0,32,32.0,32.0,13.4506721086,8.49103882188,4.95963328672
June-2010,2010,C,54745.565,269160,54745.565,23203.2876579,67.0,67,67.0,67.0,20.3394133601,8.62062998139,11.7187833787
June-2010,2010,D,96211.9475,380658,96211.9475,9606.01289968,103.0,103,103.0,103.0,25.2751676045,2.52352844277,22.7516391617
June-2010,2010,E,45499.665,144750,45499.665,17200.2830662,49.0,49,49.0,49.0,31.4332746114,11.8827516865,19.5505229249
June-2010,2010,HR,73727.75,233165,73727.75,19925.694981,68.0,68,68.0,68.0,31.6204190166,8.54574871058,23.074670306
June-2011,2011,A,37782.9957,352003,37782.9957,1175.29104242,49.0,49,49.0,49.0,10.7337141161,0.333886655064,10.399827461
June-2011,2011,AA,19746.2511,247989,19746.2511,7048.22904346,26.0,26,26.0,26.0,7.96255120187,2.84215390338,5.12039729848
June-2011,2011,B,65961.4223,408377,65961.4223,-34226.0206678,54.0,54,54.0,54.0,16.1520904214,-8.38098636011,24.5330767815
June-2011,2011,C,53539.2879,275221,53539.2879,11014.3110048,37.0,37,37.0,37.0,19.4531986658,4.00198785878,15.451210807
June-2011,2011,D,176692.5185,692865,176692.5185,-39420.1109135,122.0,122,122.0,122.0,25.5017237846,-5.68943602484,31.1911598094
June-2011,2011,E,265241.6593,879887,265241.6593,-70974.0813439,165.0,165,165.0,165.0,30.1449685357,-8.06627229905,38.2112408348
June-2011,2011,HR,67892.1515,219985,67892.1515,-22898.134254,67.0,67,67.0,67.0,30.8621731027,-10.408952544,41.2711256467
June-2012,2012,A,107709.71,973550,107709.71,-108958.677647,98.0,98,98.0,98.0,11.0636033075,-11.1918933436,22.2554966511
June-2012,2012,AA,16819.95,239100,16819.95,-9075.44564245,27.0,27,27.0,27.0,7.03469259724,-3.79566944477,10.830362042
June-2012,2012,B,187333.1251,1137366,187333.1251,-112127.755266,136.0,136,136.0,136.0,16.4707864575,-9.85854643679,26.3293328943
June-2012,2012,C,299820.3216,1419802,299820.3216,-224886.267192,161.0,161,161.0,161.0,21.1170516452,-15.8392696441,36.9563212893
June-2012,2012,D,286666.5388,1151959,286666.5388,-264460.120382,140.0,140,140.0,140.0,24.8851338285,-22.9574247332,47.8425585617
June-2012,2012,E,93036.73,328350,93036.73,-45653.7615743,93.0,93,93.0,93.0,28.3346215928,-13.9039931702,42.238614763
June-2012,2012,HR,164499.1893,534609,164499.1893,-74250.4452822,150.0,150,150.0,150.0,30.77,-13.8887383643,44.6587383643
June-2013,2013,A,25760.15,243500,25760.15,-2196.93291621,20.0,20,20.0,20.0,10.5791170431,-0.902231177088,11.4813482202
June-2013,2013,AA,3227.5,45000,3227.5,2663.97462259,6.0,6,6.0,6.0,7.17222222222,5.91994360576,1.25227861646
June-2013,2013,B,101514.4935,675365,101514.4935,54973.1081136,55.0,55,55.0,55.0,15.0310563177,8.13976266368,6.89129365401
June-2013,2013,C,114081.67,598800,114081.67,66451.6551538,50.0,50,50.0,50.0,19.0517150969,11.0974708006,7.95424429629
June-2013,2013,D,80000.04,336000,80000.04,-4778.93995406,46.0,46,46.0,46.0,23.8095357143,-1.42230355776,25.231839272
June-2013,2013,E,41882.8,153000,41882.8,-23748.905574,42.0,42,42.0,42.0,27.374379085,-15.5221605059,42.8965395908
June-2013,2013,HR,6068.0,20000,6068.0,-4744.77606405,6.0,6,6.0,6.0,30.34,-23.7238803202,54.0638803202
March-2006,2006,A,30894.99,255957,30894.99,-22952.0204667,31.0,31,31.0,31.0,12.0703829159,-8.96713919395,21.0375221098
March-2006,2006,AA,14259.7425,178205,14259.7425,11435.1518541,28.0,28,28.0,28.0,8.00187564883,6.41685241948,1.58502322935
March-2006,2006,B,30444.092,224984,30444.092,-51385.6077739,32.0,32,32.0,32.0,13.5316698076,-22.839672054,36.3713418616
March-2006,2006,C,26599.0925,181002,26599.0925,6358.96991895,40.0,40,40.0,40.0,14.6954688346,3.51320422921,11.1822646054
March-2006,2006,D,24260.1105,115133,24260.1105,166.654214741,33.0,33,33.0,33.0,21.0713787533,0.144749302755,20.9266294505
March-2006,2006,E,46507.78,179109,46507.78,-68252.8772642,44.0,44,44.0,44.0,25.9661881871,-38.1068942734,64.0730824605
March-2006,2006,HR,58065.3,190649,58065.3,-85876.1781526,65.0,65,65.0,65.0,30.4566507036,-45.0441272457,75.5007779493
March-2006,2006,NC,3749.5,18200,3749.5,-9695.29056576,7.0,7,7.0,7.0,20.6016483516,-53.2708272844,73.872475636
March-2007,2007,A,118304.495,983253,118304.495,-63454.195,110.0,110,110.0,110.0,12.0319485422,-6.45349620088,18.4854447431
March-2007,2007,AA,107336.155,1080117,107336.155,16930.7133447,134.0,134,134.0,134.0,9.9374563126,1.56748883173,8.36996748087
March-2007,2007,B,187218.402,1378684,187218.402,-178502.915458,142.0,142,142.0,142.0,13.5795005962,-12.9473407581,26.5268413543
March-2007,2007,C,246957.7708,1484420,246957.7708,-200249.842237,194.0,194,194.0,194.0,16.6366507323,-13.4901067243,30.1267574566
March-2007,2007,D,340034.7333,1721654,340034.7333,-298761.616454,236.0,236,236.0,236.0,19.7504686366,-17.3531741252,37.1036427618
March-2007,2007,E,132385.7691,600881,132385.7691,-163052.636797,130.0,130,130.0,130.0,22.0319446113,-27.135595367,49.1675399783
March-2007,2007,HR,128915.599,570270,128915.599,-184534.984362,175.0,175,175.0,175.0,22.606063619,-32.3592306035,54.9652942225
March-2008,2008,A,198285.4076,1425411,198285.4076,-77542.702544,159.0,159,159.0,159.0,13.9107532915,-5.44002414349,19.350777435
March-2008,2008,AA,210478.0202,1930332,210478.0202,-167071.051053,201.0,201,201.0,201.0,10.9037212355,-8.65504229601,19.5587635315
March-2008,2008,B,265659.4637,1755917,265659.4637,-177015.586744,223.0,223,223.0,223.0,15.1293861669,-10.0810907773,25.2104769442
March-2008,2008,C,233486.3204,1446231,233486.3204,-126711.41567,257.0,257,257.0,257.0,16.1444693413,-8.76149215929,24.9059615006
March-2008,2008,D,191964.8775,1013696,191964.8775,-122184.024263,223.0,223,223.0,223.0,18.9371248875,-12.0533201535,30.990445041
March-2008,2008,E,66221.448,246139,66221.448,-34183.837489,84.0,84,84.0,84.0,26.9040859027,-13.8880216012,40.7921075039
March-2008,2008,HR,50532.4765,179536,50532.4765,-31976.1521737,75.0,75,75.0,75.0,28.1461525822,-17.8104403427,45.9565929249
March-2010,2010,A,64689.148,719119,64689.148,17624.5414462,131.0,131,131.0,131.0,8.99561101848,2.45085186822,6.54475915026
March-2010,2010,AA,38042.897,455366,38042.897,25396.3969329,75.0,75,75.0,75.0,8.35435605645,5.57713947306,2.77721658339
March-2010,2010,B,26737.09,196330,26737.09,14037.8213276,32.0,32,32.0,32.0,13.6184434371,7.15011527916,6.46832815791
March-2010,2010,C,51383.4,245950,51383.4,28042.0977525,60.0,60,60.0,60.0,20.8918072779,11.4015441157,9.49026316224
March-2010,2010,D,107753.01,418160,107753.01,44583.333886,104.0,104,104.0,104.0,25.7683685671,10.6617882834,15.1065802836
March-2010,2010,E,36388.26,117272,36388.26,4798.88590511,42.0,42,42.0,42.0,31.0289412648,4.09209862978,26.936842635
March-2010,2010,HR,51742.63,163850,51742.63,15290.7053525,48.0,48,48.0,48.0,31.5792676228,9.33213631521,22.2471313076
March-2011,2011,A,30345.0766,339721,30345.0766,3951.13966396,36.0,36,36.0,36.0,8.93235231263,1.16305428983,7.7692980228
March-2011,2011,AA,23844.8034,386431,23844.8034,4314.50463118,42.0,42,42.0,42.0,6.17052032575,1.11650065113,5.05401967462
March-2011,2011,B,66732.7157,504943,66732.7157,-12178.4180705,60.0,60,60.0,60.0,13.2158908431,-2.41184016226,15.6277310054
March-2011,2011,C,100103.0286,540814,100103.0286,21978.218097,70.0,70,70.0,70.0,18.5096962357,4.06391441365,14.445781822
March-2011,2011,D,278156.6563,1132437,278156.6563,-34845.943558,190.0,190,190.0,190.0,24.5626605542,-3.0770756835,27.6397362377
March-2011,2011,E,154105.5856,513594,154105.5856,-3663.94177248,101.0,101,101.0,101.0,30.0053321495,-0.713392635521,30.718724785
March-2011,2011,HR,68126.9629,221471,68126.9629,-7603.33503652,69.0,69,69.0,69.0,30.7611212755,-3.43310638256,34.194227658
March-2012,2012,A,76080.464,761715,76080.464,-15123.2893987,79.0,79,79.0,79.0,9.98804854834,-1.9854262288,11.9734747771
March-2012,2012,AA,17021.725,264250,17021.725,14736.7395876,18.0,18,18.0,18.0,6.44152317881,5.57681725169,0.864705927122
March-2012,2012,B,139322.531,938198,139322.531,-60142.7439852,116.0,116,116.0,116.0,14.8500136432,-6.41045322898,21.2604668722
March-2012,2012,C,257059.2694,1212181,257059.2694,-223075.370246,136.0,136,136.0,136.0,21.2063437226,-18.4028103267,39.6091540492
March-2012,2012,D,207928.6275,848380,207928.6275,-146998.09056,104.0,104,104.0,104.0,24.5089025555,-17.3269160706,41.835818626
March-2012,2012,E,94842.03,316000,94842.03,-67571.0967416,89.0,89,89.0,89.0,30.0133006329,-21.3832584625,51.3965590954
March-2012,2012,HR,168714.987,548310,168714.987,-72443.1907439,148.0,148,148.0,148.0,30.77,-13.2120863643,43.9820863643
March-2013,2013,A,28446.9789,284361,28446.9789,14803.7585561,27.0,27,27.0,27.0,10.0038257356,5.20597358855,4.79785214705
March-2013,2013,AA,6351.2,94000,6351.2,6165.6791129,10.0,10,10.0,10.0,6.75659574468,6.55923309883,0.197362645851
March-2013,2013,B,80947.8825,572675,80947.8825,-14863.470104,49.0,49,49.0,49.0,14.1350473654,-2.59544595172,16.7304933172
March-2013,2013,C,125779.3176,667015,125779.3176,-55297.593027,67.0,67,67.0,67.0,18.8570448341,-8.2903072685,27.1473521026
March-2013,2013,D,100304.7034,439566,100304.7034,-8769.55360999,52.0,52,52.0,52.0,22.8190313628,-1.99504820891,24.8140795717
March-2013,2013,E,36754.0,136500,36754.0,-12285.1405126,37.0,37,37.0,37.0,26.926007326,-9.00010293964,35.9261102656
March-2013,2013,HR,5309.5,17500,5309.5,-6874.56132439,5.0,5,5.0,5.0,30.34,-39.283207568,69.623207568
May-2006,2006,A,31980.55,262450,31980.55,12832.9276385,36.0,36,36.0,36.0,12.1853876929,4.88966570336,7.29572198954
May-2006,2006,AA,42195.3468,376440,42195.3468,-2818.35757524,40.0,40,40.0,40.0,11.209049729,-0.748687061748,11.9577367908
May-2006,2006,B,43209.87,312351,43209.87,-35914.8968265,45.0,45,45.0,45.0,13.8337543341,-11.4982493498,25.3320036838
May-2006,2006,C,65975.969,398044,65975.969,-33289.6364422,92.0,92,92.0,92.0,16.5750442162,-8.3633056753,24.9383498915
May-2006,2006,D,74884.928,358532,74884.928,-24887.0507869,88.0,88,88.0,88.0,20.8865395557,-6.94137504795,27.8279146037
May-2006,2006,E,47784.1115,213933,47784.1115,-45469.9698665,73.0,73,73.0,73.0,22.3360171175,-21.2543038552,43.5903209727
May-2006,2006,HR,41993.36,188253,41993.36,-47992.458177,84.0,84,84.0,84.0,22.3068742596,-25.4935954152,47.8004696749
May-2006,2006,NC,2534.4475,14701,2534.4475,-8092.31403341,7.0,7,7.0,7.0,17.2399666689,-55.0460107027,72.2859773717
May-2007,2007,A,179312.1494,1376216,179312.1494,-129389.555614,128.0,128,128.0,128.0,13.0293608997,-9.40183485832,22.4311957581
May-2007,2007,AA,125948.5161,1220096,125948.5161,-75620.8970588,120.0,120,120.0,120.0,10.3228365719,-6.19794647788,16.5207830498
May-2007,2007,B,191606.98,1354014,191606.98,-197600.063143,149.0,149,149.0,149.0,14.1510338889,-14.5936499285,28.7446838174
May-2007,2007,C,320848.8778,1768044,320848.8778,-411529.37392,213.0,213,213.0,213.0,18.1471093366,-23.2759690325,41.4230783691
May-2007,2007,D,282149.2571,1358613,282149.2571,-223895.275588,219.0,219,219.0,219.0,20.767448648,-16.4796947761,37.2471434241
May-2007,2007,E,104720.1905,454953,104720.1905,-95770.7405425,105.0,105,105.0,105.0,23.0178041468,-21.0506888717,44.0684930185
May-2007,2007,HR,91853.6905,405386,91853.6905,-127193.864996,125.0,125,125.0,125.0,22.6583282353,-31.3759885629,54.0343167982
May-2008,2008,A,285390.316,1956482,285390.316,-148586.046647,220.0,220,220.0,220.0,14.5869124275,-7.59455219355,22.1814646211
May-2008,2008,AA,201367.7331,1869298,201367.7331,-186379.278374,211.0,211,211.0,211.0,10.7723719332,-9.97054928501,20.7429212182
May-2008,2008,B,343661.0212,2058374,343661.0212,-312890.561917,272.0,272,272.0,272.0,16.6957521422,-15.2008605782,31.8966127204
May-2008,2008,C,336846.9161,1806914,336846.9161,-240792.83697,368.0,368,368.0,368.0,18.6421111409,-13.3261924458,31.9683035867
May-2008,2008,D,241783.6295,1243047,241783.6295,-137927.207663,316.0,316,316.0,316.0,19.4508839569,-11.0958964273,30.5467803842
May-2008,2008,E,55161.5306,193914,55161.5306,-14064.0130335,89.0,89,89.0,89.0,28.4463889147,-7.25270637163,35.6990952863
May-2008,2008,HR,51974.2005,186015,51974.2005,-40088.4750949,111.0,111,111.0,111.0,27.9408652528,-21.551205599,49.4920708518
May-2009,2009,B,355.0,3000,355.0,-3000.0,2.0,2,2.0,2.0,11.8333333333,-100.0,111.833333333
May-2009,2009,C,746.6,4400,746.6,-4400.0,2.0,2,2.0,2.0,16.9681818182,-100.0,116.968181818
May-2010,2010,A,43271.122,473686,43271.122,-12424.1764502,95.0,95,95.0,95.0,9.13498013452,-2.62287178642,11.7578519209
May-2010,2010,AA,19918.951,261311,19918.951,10682.4627415,48.0,48,48.0,48.0,7.62269900617,4.08802642886,3.53467257731
May-2010,2010,B,20962.7195,149427,20962.7195,7308.28509059,29.0,29,29.0,29.0,14.0287361053,4.890873196,9.13786290925
May-2010,2010,C,46869.31,240850,46869.31,18004.873207,77.0,77,77.0,77.0,19.4599584804,7.47555458043,11.9844039
May-2010,2010,D,84358.4975,329749,84358.4975,1204.00873316,87.0,87,87.0,87.0,25.5826393712,0.365128850477,25.2175105207
May-2010,2010,E,31410.495,105100,31410.495,5594.77640663,40.0,40,40.0,40.0,29.8862940057,5.32328868376,24.5630053219
May-2010,2010,HR,89668.4497,269403,89668.4497,22853.1805652,78.0,78,78.0,78.0,33.2841318397,8.48289757916,24.8012342605
May-2011,2011,A,35708.797,375438,35708.797,4010.02465453,49.0,49,49.0,49.0,9.51123674215,1.06809237598,8.44314436617
May-2011,2011,AA,24101.2848,319752,24101.2848,-9666.97806174,31.0,31,31.0,31.0,7.53749305712,-3.0232736814,10.5607667385
May-2011,2011,B,49162.6455,316545,49162.6455,-4998.0314193,51.0,51,51.0,51.0,15.5310131261,-1.57893235379,17.1099454799
May-2011,2011,C,52154.5655,290345,52154.5655,13888.0242956,39.0,39,39.0,39.0,17.962963199,4.78328343715,13.1796797618
May-2011,2011,D,226911.6305,909495,226911.6305,-23760.5229374,146.0,146,146.0,146.0,24.9491894403,-2.61249626853,27.5616857088
May-2011,2011,E,332780.5095,1125095,332780.5095,-117453.227226,216.0,216,216.0,216.0,29.5779920362,-10.4394053147,40.017397351
May-2011,2011,HR,45906.0977,148323,45906.0977,-17403.6961951,42.0,42,42.0,42.0,30.9500871072,-11.7336462957,42.6837334029
May-2012,2012,A,80339.0351,700124,80339.0351,-44663.1852504,68.0,68,68.0,68.0,11.4749723049,-6.37932498392,17.8542972888
May-2012,2012,AA,12342.03,161700,12342.03,11929.3934397,15.0,15,15.0,15.0,7.6326716141,7.37748512039,0.255186493713
May-2012,2012,B,132126.3928,780912,132126.3928,-62808.7304456,106.0,106,106.0,106.0,16.9194983302,-8.04299721936,24.9624955495
May-2012,2012,C,275653.1875,1333975,275653.1875,-101036.212101,155.0,155,155.0,155.0,20.6640444911,-7.57407088598,28.2381153771
May-2012,2012,D,249570.69,1010300,249570.69,-175536.569974,114.0,114,114.0,114.0,24.7026318915,-17.374697612,42.0773295035
May-2012,2012,E,101010.3892,344549,101010.3892,-76095.3197227,95.0,95,95.0,95.0,29.3166978282,-22.0854855834,51.4021834116
May-2012,2012,HR,160050.155,520150,160050.155,-96254.4157401,141.0,141,141.0,141.0,30.77,-18.5051265481,49.2751265481
May-2013,2013,A,37822.985,344450,37822.985,3448.16727152,37.0,37,37.0,37.0,10.980689505,1.00106467456,9.97962483045
May-2013,2013,AA,2152.05,35500,2152.05,2858.09250541,5.0,5,5.0,5.0,6.06211267606,8.05096480397,-1.98885212792
May-2013,2013,B,92606.57,619800,92606.57,11504.0897737,49.0,49,49.0,49.0,14.941363343,1.85609709159,13.0852662514
May-2013,2013,C,120733.087,616755,120733.087,3001.2171343,59.0,59,59.0,59.0,19.5755343694,0.486614155426,19.088920214
May-2013,2013,D,104275.05,436000,104275.05,-40675.5853726,58.0,58,58.0,58.0,23.9162958716,-9.32926270013,33.2455585717
May-2013,2013,E,48364.75,173500,48364.75,-40505.2737021,46.0,46,46.0,46.0,27.8759365994,-23.345979079,51.2219156784
May-2013,2013,HR,13197.9,43500,13197.9,-18131.4896023,12.0,12,12.0,12.0,30.34,-41.6815852927,72.0215852927
November-2005,2005,AA,634.55,9000,634.55,698.780531531,5.0,5,5.0,5.0,7.05055555556,7.76422812813,-0.71367257257
November-2005,2005,C,1725.0,15000,1725.0,1685.00770041,1.0,1,1.0,1.0,11.5,11.2333846694,0.266615330567
November-2005,2005,D,380.0,4000,380.0,238.283433786,1.0,1,1.0,1.0,9.5,5.95708584465,3.54291415535
November-2005,2005,HR,612.5,2500,612.5,1055.77418493,1.0,1,1.0,1.0,24.5,42.2309673974,-17.7309673974
November-2005,2005,NC,408.0,4800,408.0,573.521437642,1.0,1,1.0,1.0,8.5,11.9483632842,-3.44836328421
November-2006,2006,A,45403.0603,377379,45403.0603,-37631.5732583,49.0,49,49.0,49.0,12.0311570861,-9.97182494476,22.0029820309
November-2006,2006,AA,47813.9459,455626,47813.9459,14456.4200836,64.0,64,64.0,64.0,10.4941214724,3.17286987214,7.3212516003
November-2006,2006,B,74048.3033,481114,74048.3033,-22463.54515,64.0,64,64.0,64.0,15.3910098854,-4.66906910836,20.0600789937
November-2006,2006,C,127411.1325,743918,127411.1325,-85279.2288314,101.0,101,101.0,101.0,17.1270398754,-11.4635253928,28.5905652681
November-2006,2006,D,133031.4332,660631,133031.4332,-61368.3069792,128.0,128,128.0,128.0,20.1370255407,-9.28934715131,29.426372692
November-2006,2006,E,134636.1252,558798,134636.1252,-122100.13971,163.0,163,163.0,163.0,24.0938810089,-21.8504969077,45.9443779166
November-2006,2006,HR,105088.0825,471202,105088.0825,-181269.879878,243.0,243,243.0,243.0,22.3021299782,-38.4696753999,60.7718053781
November-2006,2006,NC,7455.64,34051,7455.64,-16864.6011083,18.0,18,18.0,18.0,21.8955096767,-49.5274767505,71.4229864271
November-2007,2007,A,163519.6191,1332266,163519.6191,-212412.109983,136.0,136,136.0,136.0,12.2737966067,-15.9436711575,28.2174677642
November-2007,2007,AA,153160.7345,1364232,153160.7345,-137506.43844,120.0,120,120.0,120.0,11.226883294,-10.0794028024,21.3062860965
November-2007,2007,B,246973.1691,1601316,246973.1691,-203032.375668,158.0,158,158.0,158.0,15.4231375381,-12.6790949237,28.1022324618
November-2007,2007,C,212410.1234,1166049,212410.1234,-163659.756835,177.0,177,177.0,177.0,18.2162261963,-14.0354099043,32.2516361006
November-2007,2007,D,110659.8141,548391,110659.8141,-47250.8327586,128.0,128,128.0,128.0,20.1789989442,-8.61626699901,28.7952659432
November-2007,2007,E,37599.401,143482,37599.401,-9111.45145669,45.0,45,45.0,45.0,26.2049602041,-6.35024006962,32.5552002737
November-2007,2007,HR,40705.01,154211,40705.01,-18420.8903296,57.0,57,57.0,57.0,26.3956591942,-11.9452505526,38.3409097468
November-2007,2008,A,800.0,8500,800.0,530.952493423,3.0,3,3.0,3.0,9.41176470588,6.24649992262,3.16526478326
November-2007,2008,AA,3765.9,39400,3765.9,2351.20626488,6.0,6,6.0,6.0,9.55812182741,5.96752859106,3.59059323635
November-2007,2008,B,2700.0,15000,2700.0,-7525.80597195,1.0,1,1.0,1.0,18.0,-50.172039813,68.172039813
November-2007,2008,C,2840.05,16700,2840.05,1666.47020282,5.0,5,5.0,5.0,17.0062874251,9.97886348994,7.02742393521
November-2007,2008,D,1058.5,7300,1058.5,964.939781248,1.0,1,1.0,1.0,14.5,13.2183531678,1.28164683222
November-2007,2008,E,637.75,2551,637.75,-2186.82009418,1.0,1,1.0,1.0,25.0,-85.7240334843,110.724033484
November-2009,2009,A,51495.7205,484162,51495.7205,20656.135636,102.0,102,102.0,102.0,10.6360516728,4.26636861959,6.3696830532
November-2009,2009,AA,38089.0357,399067,38089.0357,-10317.0387246,58.0,58,58.0,58.0,9.54452152145,-2.58528986977,12.1298113912
November-2009,2009,B,17893.4,112500,17893.4,-1679.7720442,17.0,17,17.0,17.0,15.9052444444,-1.49313070595,17.3983751504
November-2009,2009,C,72387.12,352875,72387.12,32107.9769283,87.0,87,87.0,87.0,20.5135302869,9.09896618584,11.4145641011
November-2009,2009,D,75746.917,278255,75746.917,10323.4536005,69.0,69,69.0,69.0,27.2221225135,3.71006939695,23.5120531166
November-2009,2009,E,38747.84,123200,38747.84,12964.8701482,43.0,43,43.0,43.0,31.4511688312,10.5234335618,20.9277352693
November-2009,2009,HR,44813.11,167333,44813.11,-2780.02436303,54.0,54,54.0,54.0,26.7807963761,-1.66137245076,28.4421688268
November-2009,2010,A,3015.4,33450,3015.4,881.351293365,4.0,4,4.0,4.0,9.01464872945,2.63483196821,6.37981676124
November-2009,2010,AA,1865.7,22900,1865.7,1135.26794458,3.0,3,3.0,3.0,8.14716157205,4.95750194138,3.18965963067
November-2009,2010,B,5091.3,29700,5091.3,4838.13678401,3.0,3,3.0,3.0,17.1424242424,16.2900228418,0.852401400653
November-2009,2010,C,2528.0,12000,2528.0,3065.73536613,2.0,2,2.0,2.0,21.0666666667,25.5477947177,-4.48112805106
November-2009,2010,D,7802.4,30350,7802.4,3314.67320421,6.0,6,6.0,6.0,25.7080724876,10.9214932593,14.7865792283
November-2009,2010,E,1904.0,5600,1904.0,1458.45163033,1.0,1,1.0,1.0,34.0,26.0437791131,7.95622088693
November-2009,2010,HR,1836.0,6500,1836.0,-1855.27215597,2.0,2,2.0,2.0,28.2461538462,-28.5426485534,56.7888023996
November-2010,2010,A,33951.4575,332621,33951.4575,5326.98522598,38.0,38,38.0,38.0,10.2072501436,1.60151801178,8.60573213177
November-2010,2010,AA,19041.0,274800,19041.0,6018.85019027,31.0,31,31.0,31.0,6.92903930131,2.19026571698,4.73877358433
November-2010,2010,B,77984.04,565200,77984.04,23703.3916167,72.0,72,72.0,72.0,13.7976008493,4.19380601853,9.60379483072
November-2010,2010,C,12607.8,57500,12607.8,8879.59165944,6.0,6,6.0,6.0,21.9266086957,15.4427681034,6.48384059228
November-2010,2010,D,164809.45,635830,164809.45,30501.6106209,155.0,155,155.0,155.0,25.9203639338,4.79713297909,21.1232309547
November-2010,2010,E,109338.125,346900,109338.125,12776.931272,82.0,82,82.0,82.0,31.518629288,3.68317419198,27.835455096
November-2010,2010,HR,98005.49,303325,98005.49,31296.9849608,117.0,117,117.0,117.0,32.3103898459,10.3179708105,21.9924190354
November-2010,2011,E,2340.0,7500,2340.0,2103.46395367,1.0,1,1.0,1.0,31.2,28.0461860489,3.15381395113
November-2011,2011,A,90375.6841,798954,90375.6841,-36497.5271581,90.0,90,90.0,90.0,11.3117506264,-4.5681637689,15.8799143953
November-2011,2011,AA,13913.05,178750,13913.05,10529.4960557,20.0,20,20.0,20.0,7.78352447552,5.89062716402,1.8928973115
November-2011,2011,B,162885.32,981800,162885.32,-22581.9897899,130.0,130,130.0,130.0,16.5904787126,-2.30006007231,18.8905387849
November-2011,2011,C,40855.97,184500,40855.97,1232.01008932,22.0,22,22.0,22.0,22.1441571816,0.667756145974,21.4764010356
November-2011,2011,D,364368.0516,1491714,364368.0516,-82857.0921095,244.0,244,244.0,244.0,24.4261334009,-5.55448913863,29.9806225395
November-2011,2011,E,204815.5764,684336,204815.5764,-65784.0644896,126.0,126,126.0,126.0,29.9290957074,-9.61283119543,39.5419269028
November-2011,2011,HR,84777.81,275300,84777.81,-31304.1678453,76.0,76,76.0,76.0,30.7947003269,-11.370929112,42.1656294389
November-2011,2012,A,1286.7,12000,1286.7,693.359963531,2.0,2,2.0,2.0,10.7225,5.77799969609,4.94450030391
November-2011,2012,AA,281.6,4000,281.6,225.165405614,1.0,1,1.0,1.0,7.04,5.62913514034,1.41086485966
November-2011,2012,B,8089.05,54500,8089.05,4542.66651836,8.0,8,8.0,8.0,14.842293578,8.33516792359,6.50712565439
November-2011,2012,C,1761.09,9100,1761.09,2346.20278988,3.0,3,3.0,3.0,19.3526373626,25.7824482405,-6.42981087784
November-2011,2012,D,4017.0,16000,4017.0,-9640.31794351,3.0,3,3.0,3.0,25.10625,-60.2519871469,85.3582371469
November-2011,2012,E,2854.4,10000,2854.4,-2521.70322633,3.0,3,3.0,3.0,28.544,-25.2170322633,53.7610322633
November-2011,2012,HR,3672.4,12000,3672.4,2045.44147284,3.0,3,3.0,3.0,30.6033333333,17.045345607,13.5579877263
November-2012,2012,A,55320.01,528618,55320.01,-16627.0013595,54.0,54,54.0,54.0,10.4650257842,-3.1453717731,13.6103975573
November-2012,2012,AA,21001.7497,283197,21001.7497,-21349.4795055,27.0,27,27.0,27.0,7.41595062801,-7.538737877,14.954688505
November-2012,2012,B,104302.4554,641826,104302.4554,-80324.2041078,60.0,60,60.0,60.0,16.2508928277,-12.5149501746,28.7658430023
November-2012,2012,C,152934.6182,768357,152934.6182,-63023.3624702,100.0,100,100.0,100.0,19.9041094439,-8.20235417523,28.1064636191
November-2012,2012,D,130026.909,546618,130026.909,-111681.988505,72.0,72,72.0,72.0,23.7875278531,-20.431450941,44.2189787941
November-2012,2012,E,43876.6916,157688,43876.6916,11529.9395723,42.0,42,42.0,42.0,27.8250035513,7.31186873592,20.5131348154
November-2012,2012,HR,78482.5774,255062,78482.5774,-57528.9258466,74.0,74,74.0,74.0,30.77,-22.5548791457,53.3248791457
November-2012,2013,C,1757.7,10500,1757.7,1555.83,1.0,1,1.0,1.0,16.74,14.8174285714,1.92257142857
November-2012,2013,HR,2461.6,8000,2461.6,4054.54590966,2.0,2,2.0,2.0,30.77,50.6818238707,-19.9118238707
November-2013,2013,A,11982.965,120697,11982.965,17282.4925121,10.0,10,10.0,10.0,9.92813823044,14.3189081022,-4.39076987172
November-2013,2013,AA,4773.95,65500,4773.95,6146.97010794,5.0,5,5.0,5.0,7.28847328244,9.3846871877,-2.09621390526
November-2013,2013,B,19896.9,149000,19896.9,29743.8782704,14.0,14,14.0,14.0,13.3536241611,19.9623344097,-6.6087102486
November-2013,2013,C,47464.4,272400,47464.4,67181.4163208,24.0,24,24.0,24.0,17.4245227606,24.6627813219,-7.23825856125
November-2013,2013,D,19888.15,93500,19888.15,27500.4012728,10.0,10,10.0,10.0,21.2707486631,29.4121938747,-8.1414452116
November-2013,2013,E,18708.0,72000,18708.0,27097.1380637,11.0,11,11.0,11.0,25.9833333333,37.6349139774,-11.6515806441
November-2013,2013,HR,5978.0,20000,5978.0,9229.19900502,6.0,6,6.0,6.0,29.89,46.1459950251,-16.2559950251
October-2006,2006,A,42055.485,366725,42055.485,-11029.7561638,52.0,52,52.0,52.0,11.4678532961,-3.00763682971,14.4754901258
October-2006,2006,AA,37366.12,345326,37366.12,-55703.3736725,42.0,42,42.0,42.0,10.820534799,-16.1306631046,26.9511979036
October-2006,2006,B,97221.56,637303,97221.56,-40915.9924719,79.0,79,79.0,79.0,15.2551549263,-6.4201788587,21.675333785
October-2006,2006,C,107833.573,648155,107833.573,-21199.7604005,100.0,100,100.0,100.0,16.6370039574,-3.2707855992,19.9077895566
October-2006,2006,D,140015.1079,662756,140015.1079,-82687.6723787,137.0,137,137.0,137.0,21.1261924298,-12.4763370499,33.6025294797
October-2006,2006,E,148165.6817,607035,148165.6817,-146256.584206,154.0,154,154.0,154.0,24.4080953652,-24.0935999088,48.5016952739
October-2006,2006,HR,108380.495,482388,108380.495,-209639.981252,174.0,174,174.0,174.0,22.467494009,-43.4587886208,65.9262826298
October-2006,2006,NC,5972.125,27175,5972.125,-2424.99664611,10.0,10,10.0,10.0,21.9765409384,-8.92363071245,30.9001716508
October-2007,2007,A,189364.4656,1492526,189364.4656,-194848.210906,130.0,130,130.0,130.0,12.6875153666,-13.0549290871,25.7424444537
October-2007,2007,AA,100810.693,905172,100810.693,-108263.374303,90.0,90,90.0,90.0,11.1371864132,-11.9605306288,23.097717042
October-2007,2007,B,171029.485,1206939,171029.485,-173148.178817,129.0,129,129.0,129.0,14.1705160741,-14.3460588163,28.5165748905
October-2007,2007,C,246183.7148,1360396,246183.7148,-173316.511518,207.0,207,207.0,207.0,18.0964744677,-12.7401515087,30.8366259764
October-2007,2007,D,142615.8255,733368,142615.8255,-87867.64709,165.0,165,165.0,165.0,19.44669327,-11.9813854831,31.4280787531
October-2007,2007,E,42213.8043,175600,42213.8043,-30580.6031731,63.0,63,63.0,63.0,24.0397518793,-17.4149220803,41.4546739596
October-2007,2007,HR,39319.5644,182474,39319.5644,-42475.9429844,68.0,68,68.0,68.0,21.5480366518,-23.2778055966,44.8258422484
October-2007,2008,A,5817.9,28500,5817.9,-10483.8623321,2.0,2,2.0,2.0,20.4136842105,-36.7854818672,57.1991660777
October-2007,2008,AA,3955.0,38500,3955.0,-9802.08112245,3.0,3,3.0,3.0,10.2727272727,-25.4599509674,35.7326782401
October-2007,2008,B,2623.0,23000,2623.0,1706.67813832,3.0,3,3.0,3.0,11.4043478261,7.42033973184,3.98400809425
October-2007,2008,C,1041.5,8900,1041.5,-6037.8667016,2.0,2,2.0,2.0,11.702247191,-67.8411988944,79.5434460854
October-2007,2008,D,1365.0,7500,1365.0,-6491.39836332,1.0,1,1.0,1.0,18.2,-86.5519781776,104.751978178
October-2007,2008,E,1085.0,3500,1085.0,554.722631919,1.0,1,1.0,1.0,31.0,15.8492180548,15.1507819452
October-2008,2008,A,40238.0845,278151,40238.0845,-49307.8429169,36.0,36,36.0,36.0,14.4662735349,-17.7270054456,32.1932789805
October-2008,2008,AA,23136.32,201180,23136.32,-15686.7713588,20.0,20,20.0,20.0,11.5003081817,-7.79738113075,19.2976893125
October-2008,2008,B,30458.65,159199,30458.65,-39348.6382234,27.0,27,27.0,27.0,19.1324380178,-24.7166365514,43.8490745692
October-2008,2008,C,36280.2515,168699,36280.2515,4032.22805125,39.0,39,39.0,39.0,21.5059078596,2.3901908436,19.115717016
October-2008,2008,D,16587.27,80475,16587.27,-3134.28405371,24.0,24,24.0,24.0,20.6117054986,-3.89473010712,24.5064356057
October-2008,2008,E,5189.7,20695,5189.7,2596.02732716,11.0,11,11.0,11.0,25.0770717565,12.5442248232,12.5328469333
October-2008,2008,HR,5207.71,20074,5207.71,-3132.28839673,12.0,12,12.0,12.0,25.9425625187,-15.6037082631,41.5462707818
October-2009,2009,A,54772.061,478391,54772.061,22984.077853,93.0,93,93.0,93.0,11.4492247973,4.8044544845,6.64477031279
October-2009,2009,AA,50611.98,514898,50611.98,18424.4374083,76.0,76,76.0,76.0,9.82951574875,3.57826936758,6.25124638117
October-2009,2009,B,17850.75,119600,17850.75,-24.7408899371,22.0,22,22.0,22.0,14.9253762542,-0.0206863628237,14.946062617
October-2009,2009,C,81206.103,376241,81206.103,4742.11594639,83.0,83,83.0,83.0,21.5835336925,1.26039319117,20.3231405013
October-2009,2009,D,65994.63,254626,65994.63,5586.5518413,74.0,74,74.0,74.0,25.9182605076,2.19402254338,23.7242379642
October-2009,2009,E,30289.765,95352,30289.765,12974.1950822,41.0,41,41.0,41.0,31.7662608021,13.6066313053,18.1596294968
October-2009,2009,HR,39371.99,140660,39371.99,-7845.35818466,47.0,47,47.0,47.0,27.9908929333,-5.57753318972,33.568426123
October-2009,2010,A,1138.0,14100,1138.0,740.617547447,4.0,4,4.0,4.0,8.07092198582,5.25260671948,2.81831526634
October-2009,2010,AA,61.0,1000,61.0,31.5350849409,1.0,1,1.0,1.0,6.1,3.15350849409,2.94649150591
October-2009,2010,C,1707.0,9000,1707.0,940.874679592,2.0,2,2.0,2.0,18.9666666667,10.4541631066,8.51250356009
October-2009,2010,D,5868.05,23000,5868.05,3586.04558567,7.0,7,7.0,7.0,25.5132608696,15.5915025464,9.92175832316
October-2009,2010,E,2168.8,8000,2168.8,773.642570961,3.0,3,3.0,3.0,27.11,9.67053213701,17.439467863
October-2009,2010,HR,2179.6,7800,2179.6,299.162072729,4.0,4,4.0,4.0,27.9435897436,3.83541118884,24.1081785548
October-2010,2010,A,23071.55,234750,23071.55,7256.89660328,31.0,31,31.0,31.0,9.82813631523,3.09132975646,6.73680655877
October-2010,2010,AA,22358.0735,308951,22358.0735,15849.2365639,41.0,41,41.0,41.0,7.23677007033,5.1300162692,2.10675380114
October-2010,2010,B,74247.08,539970,74247.08,24266.0222647,68.0,68,68.0,68.0,13.7502231605,4.4939574911,9.25626566945
October-2010,2010,C,20942.4,95000,20942.4,-25304.766451,11.0,11,11.0,11.0,22.0446315789,-26.6365962642,48.6812278432
October-2010,2010,D,139467.2957,545877,139467.2957,64791.8834884,136.0,136,136.0,136.0,25.5492163436,11.8693191852,13.6798971584
October-2010,2010,E,84631.61,259450,84631.61,34826.3500992,64.0,64,64.0,64.0,32.6196222779,13.4231451529,19.196477125
October-2010,2010,HR,87955.225,282100,87955.225,29225.590302,103.0,103,103.0,103.0,31.1787398086,10.3600107416,20.818729067
October-2011,2011,A,143572.1764,1236319,143572.1764,11281.647776,121.0,121,121.0,121.0,11.612874703,0.912519161805,10.7003555412
October-2011,2011,AA,22668.295,284320,22668.295,9618.906131,33.0,33,33.0,33.0,7.97281056556,3.38312680466,4.5896837609
October-2011,2011,B,197357.214,1185440,197357.214,-14555.8117386,153.0,153,153.0,153.0,16.6484355176,-1.22788262068,17.8763181383
October-2011,2011,C,87955.34,414240,87955.34,-5998.65183548,56.0,56,56.0,56.0,21.2329422557,-1.44811023452,22.6810524902
October-2011,2011,D,312648.98,1256200,312648.98,-50620.9841844,205.0,205,205.0,205.0,24.888471581,-4.02969146508,28.918163046
October-2011,2011,E,311265.7014,1026426,311265.7014,-86749.3573845,192.0,192,192.0,192.0,30.3251964974,-8.45159391758,38.7767904149
October-2011,2011,HR,64803.6775,209725,64803.6775,-12303.9411569,56.0,56,56.0,56.0,30.899357492,-5.86670218473,36.7660596767
October-2011,2012,A,239.7,3000,239.7,191.179144751,1.0,1,1.0,1.0,7.99,6.37263815837,1.61736184163
October-2011,2012,B,5849.4218,38058,5849.4218,-5678.85860718,4.0,4,4.0,4.0,15.3697561616,-14.9215896978,30.2913458594
October-2011,2012,D,7575.5,30000,7575.5,-15589.9872652,3.0,3,3.0,3.0,25.2516666667,-51.9666242173,77.218290884
October-2011,2012,HR,1210.8,4000,1210.8,1179.98994152,1.0,1,1.0,1.0,30.27,29.499748538,0.770251462022
October-2012,2012,A,73960.56,685700,73960.56,-48117.5101828,61.0,61,61.0,61.0,10.7861397112,-7.01728309505,17.8034228063
October-2012,2012,AA,24723.6278,322202,24723.6278,-26416.4826562,28.0,28,28.0,28.0,7.6733315746,-8.19873329656,15.8720648712
October-2012,2012,B,93566.0114,592901,93566.0114,-77984.5424565,67.0,67,67.0,67.0,15.7810513728,-13.153046201,28.9340975739
October-2012,2012,C,180946.6227,920720,180946.6227,-16693.9580873,103.0,103,103.0,103.0,19.6527307651,-1.81314168122,21.4658724463
October-2012,2012,D,171087.3258,738501,171087.3258,-54529.2815581,92.0,92,92.0,92.0,23.1668373909,-7.38377897364,30.5506163645
October-2012,2012,E,74553.39,259700,74553.39,-56283.3181777,67.0,67,67.0,67.0,28.7075048132,-21.6724367261,50.3799415393
October-2012,2012,HR,130747.884,424920,130747.884,-93788.265806,124.0,124,124.0,124.0,30.77,-22.0719819745,52.8419819745
October-2013,2013,A,15917.7499,157501,15917.7499,17862.0817533,18.0,18,18.0,18.0,10.1064437051,11.3409322819,-1.23448857678
October-2013,2013,AA,6098.583,96755,6098.583,7123.82893851,10.0,10,10.0,10.0,6.30311921865,7.36275018191,-1.05963096326
October-2013,2013,B,30176.55,212000,30176.55,38685.9576679,19.0,19,19.0,19.0,14.2342216981,18.2480932396,-4.01387154148
October-2013,2013,C,67929.15,392550,67929.15,92803.7746654,39.0,39,39.0,39.0,17.3045854031,23.6412621743,-6.33667677121
October-2013,2013,D,40482.875,187134,40482.875,43197.6273666,22.0,22,22.0,22.0,21.6330944671,23.0837941617,-1.45069969467
October-2013,2013,E,21952.0,82000,21952.0,32983.9903921,14.0,14,14.0,14.0,26.7707317073,40.2243785269,-13.4536468196
October-2013,2013,HR,9853.6,33000,9853.6,11443.16658,9.0,9,9.0,9.0,29.8593939394,34.6762623637,-4.8168684243
September-2006,2006,A,51627.585,401851,51627.585,-17130.9272536,51.0,51,51.0,51.0,12.8474446997,-4.26300475887,17.1104494585
September-2006,2006,AA,25718.3985,250480,25718.3985,19564.4281725,42.0,42,42.0,42.0,10.2676455206,7.8107745818,2.4568709388
September-2006,2006,B,91196.5616,619659,91196.5616,-46177.3580068,76.0,76,76.0,76.0,14.7172173082,-7.45205960162,22.1692769099
September-2006,2006,C,121909.3834,683914,121909.3834,-55114.5205015,107.0,107,107.0,107.0,17.8252504555,-8.0586916632,25.8839421187
September-2006,2006,D,94416.7739,451095,94416.7739,-69207.8937427,98.0,98,98.0,98.0,20.9305742471,-15.342199258,36.2727735051
September-2006,2006,E,115928.567,470090,115928.567,-70782.2532651,134.0,134,134.0,134.0,24.6609302474,-15.0571705982,39.7181008456
September-2006,2006,HR,66814.6436,285744,66814.6436,-101496.347879,110.0,110,110.0,110.0,23.3826934599,-35.5200276746,58.9027211345
September-2006,2006,NC,7276.915,30481,7276.915,-11964.7931538,12.0,12,12.0,12.0,23.8736097897,-39.2532828773,63.126892667
September-2007,2007,A,128763.3845,999180,128763.3845,-123358.825582,91.0,91,91.0,91.0,12.8869057127,-12.3460062834,25.2329119961
September-2007,2007,AA,95465.9513,939265,95465.9513,-34202.0156972,84.0,84,84.0,84.0,10.1638995704,-3.64135954147,13.8052591119
September-2007,2007,B,197196.5335,1303540,197196.5335,-302512.009235,135.0,135,135.0,135.0,15.1277700339,-23.2069602187,38.3347302526
September-2007,2007,C,233404.0129,1330676,233404.0129,-287203.726501,179.0,179,179.0,179.0,17.5402587031,-21.5832949945,39.1235536976
September-2007,2007,D,153990.4,814403,153990.4,-150341.893842,166.0,166,166.0,166.0,18.9083782845,-18.4603806521,37.3687589365
September-2007,2007,E,62689.145,257578,62689.145,-16034.5803406,72.0,72,72.0,72.0,24.3379267639,-6.2251358193,30.5630625832
September-2007,2007,HR,36182.5561,155324,36182.5561,-43007.9358444,62.0,62,62.0,62.0,23.2948907445,-27.6891760735,50.984066818
September-2007,2008,AA,2347.5,20000,2347.5,-4757.28459845,2.0,2,2.0,2.0,11.7375,-23.7864229922,35.5239229922
September-2008,2008,A,181356.4725,1148303,181356.4725,-120788.836281,138.0,138,138.0,138.0,15.7934336582,-10.5188993045,26.3123329627
September-2008,2008,AA,148712.3813,1254117,148712.3813,-118291.490226,132.0,132,132.0,132.0,11.8579352086,-9.43225314915,21.2901883577
September-2008,2008,B,230482.357,1289285,230482.357,-128195.977958,185.0,185,185.0,185.0,17.8767578154,-9.94318385445,27.8199416698
September-2008,2008,C,184394.447,863520,184394.447,-54628.0622637,211.0,211,211.0,211.0,21.3538131138,-6.32620695105,27.6800200648
September-2008,2008,D,105249.527,494291,105249.527,-21863.6324372,172.0,172,172.0,172.0,21.2930292075,-4.42323093829,25.7162601458
September-2008,2008,E,45962.177,175505,45962.177,-5656.86036556,82.0,82,82.0,82.0,26.188528532,-3.22319043079,29.4117189627
September-2008,2008,HR,38204.51,127284,38204.51,-23938.1340762,76.0,76,76.0,76.0,30.0151707992,-18.8068681659,48.822038965
September-2009,2009,A,32145.7105,316729,32145.7105,3824.89491813,74.0,74,74.0,74.0,10.1492791945,1.20762384187,8.94165535264
September-2009,2009,AA,23924.804,272520,23924.804,7338.41185276,46.0,46,46.0,46.0,8.77910024952,2.69279753881,6.08630271071
September-2009,2009,B,8970.6505,57877,8970.6505,3335.48040335,11.0,11,11.0,11.0,15.4995084403,5.763049922,9.73645851832
September-2009,2009,C,55598.0705,279321,55598.0705,6791.77431068,61.0,61,61.0,61.0,19.9047227026,2.43153014298,17.4731925596
September-2009,2009,D,42205.5,165900,42205.5,17175.6337015,49.0,49,49.0,49.0,25.4403254973,10.3530040395,15.0873214578
September-2009,2009,E,22497.7775,70345,22497.7775,4058.04001362,35.0,35,35.0,35.0,31.982056294,5.76876823317,26.2132880608
September-2009,2009,HR,25632.4139,88947,25632.4139,7107.99899092,39.0,39,39.0,39.0,28.8176261144,7.99127456904,20.8263515454
September-2009,2010,A,2847.0,32500,2847.0,1667.18817889,6.0,6,6.0,6.0,8.76,5.12980978121,3.63019021879
September-2009,2010,AA,183.0,3000,183.0,115.652175159,1.0,1,1.0,1.0,6.1,3.85507250529,2.24492749471
September-2009,2010,B,120.0,1000,120.0,79.9714828236,1.0,1,1.0,1.0,12.0,7.99714828236,4.00285171764
September-2009,2010,C,1202.8,8000,1202.8,826.766855113,3.0,3,3.0,3.0,15.035,10.3345856889,4.70041431108
September-2009,2010,D,2355.0,9500,2355.0,1335.34984861,2.0,2,2.0,2.0,24.7894736842,14.0563141959,10.7331594884
September-2009,2010,HR,5183.05,16550,5183.05,5407.98103842,5.0,5,5.0,5.0,31.3175226586,32.6766225887,-1.35909993005
September-2010,2010,A,26738.71,256040,26738.71,11312.2806545,30.0,30,30.0,30.0,10.4431768474,4.4181692917,6.02500755567
September-2010,2010,AA,20748.225,289545,20748.225,-9122.2068771,30.0,30,30.0,30.0,7.16580324302,-3.15053165384,10.3163348969
September-2010,2010,B,67168.6335,490649,67168.6335,-7350.53032047,59.0,59,59.0,59.0,13.6897524503,-1.49812397875,15.1878764291
September-2010,2010,C,16192.5,75500,16192.5,-14942.7549983,8.0,8,8.0,8.0,21.4470198675,-19.7917284745,41.2387483421
September-2010,2010,D,123715.2,473824,123715.2,29916.0159458,110.0,110,110.0,110.0,26.1099479976,6.31374011147,19.7962078861
September-2010,2010,E,90516.6522,282378,90516.6522,12097.3433591,64.0,64,64.0,64.0,32.0551360942,4.28409555954,27.7710405346
September-2010,2010,HR,79543.79,253800,79543.79,16909.7538793,86.0,86,86.0,86.0,31.3411308117,6.66262958207,24.6785012296
September-2011,2011,A,112666.098,957792,112666.098,-33611.2221265,92.0,92,92.0,92.0,11.7631070211,-3.50924022402,15.2723472452
September-2011,2011,AA,10256.65,123500,10256.65,9049.99345067,16.0,16,16.0,16.0,8.30497975709,7.32792991957,0.977049837516
September-2011,2011,B,98504.7212,576748,98504.7212,19150.6389318,75.0,75,75.0,75.0,17.0793346834,3.32045172793,13.7588829555
September-2011,2011,C,71955.61,383900,71955.61,15433.0518531,50.0,50,50.0,50.0,18.7433211774,4.02007081352,14.7232503639
September-2011,2011,D,349820.364,1364910,349820.364,-21563.8745052,207.0,207,207.0,207.0,25.6295553553,-1.57987519362,27.2094305489
September-2011,2011,E,244664.1325,809175,244664.1325,-33441.5334473,158.0,158,158.0,158.0,30.2362446319,-4.13279370313,34.369038335
September-2011,2011,HR,78062.4875,254075,78062.4875,-4029.4064988,72.0,72,72.0,72.0,30.7241906917,-1.58591223017,32.3101029219
September-2011,2012,A,2108.0,20000,2108.0,1675.01800994,1.0,1,1.0,1.0,10.54,8.3750900497,2.1649099503
September-2011,2012,B,4236.3,27000,4236.3,4422.3761617,2.0,2,2.0,2.0,15.69,16.3791709692,-0.689170969242
September-2011,2012,D,2349.0,10000,2349.0,2161.32,1.0,1,1.0,1.0,23.49,21.6132,1.8768
September-2011,2012,E,456.8,2000,456.8,413.16283605,1.0,1,1.0,1.0,22.84,20.6581418025,2.1818581975
September-2012,2012,A,100594.0613,913590,100594.0613,-121885.047559,75.0,75,75.0,75.0,11.0108540264,-13.3413289943,24.3521830207
September-2012,2012,AA,30379.31,422900,30379.31,-1199.69662072,35.0,35,35.0,35.0,7.18356821944,-0.283683287,7.46725150644
September-2012,2012,B,82888.3812,525458,82888.3812,3445.05211038,56.0,56,56.0,56.0,15.7745017109,0.655628444211,15.1188732667
September-2012,2012,C,231654.0579,1102909,231654.0579,-124428.31042,108.0,108,108.0,108.0,21.0039140038,-11.2818292733,32.2857432771
September-2012,2012,D,246838.1573,1035101,246838.1573,-108733.572442,125.0,125,125.0,125.0,23.8467702475,-10.5046340833,34.3514043308
September-2012,2012,E,80098.4,284500,80098.4,-44189.0021447,76.0,76,76.0,76.0,28.1540949033,-15.532162441,43.6862573443
September-2012,2012,HR,161040.3336,523368,161040.3336,-104532.4444,145.0,145,145.0,145.0,30.77,-19.973029379,50.743029379
September-2013,2013,A,34366.15,333500,34366.15,38806.2211349,22.0,22,22.0,22.0,10.3046926537,11.6360483163,-1.33135566265
September-2013,2013,AA,1032.3,15500,1032.3,1093.69057412,1.0,1,1.0,1.0,6.66,7.05606822011,-0.396068220115
September-2013,2013,B,45081.97,325800,45081.97,34416.7933888,26.0,26,26.0,26.0,13.8373143033,10.5637794318,3.27353487144
September-2013,2013,C,89438.8,506300,89438.8,101376.754397,42.0,42,42.0,42.0,17.6651787478,20.0230603195,-2.35788157169
September-2013,2013,D,54701.975,245050,54701.975,67366.8278506,25.0,25,25.0,25.0,22.3227810651,27.4910540096,-5.16827294456
September-2013,2013,E,35782.35,133500,35782.35,34346.0447142,22.0,22,22.0,22.0,26.803258427,25.7273743178,1.07588410921
September-2013,2013,HR,7780.4,26000,7780.4,9097.39130746,7.0,7,7.0,7.0,29.9246153846,34.9899665671,-5.06535118253
