Year,State,Auto,Business,Debt,Home,Medical,Other/NA,Personal,Student,Taxes,Vacation,Wedding,FIPS
2007,AK,0.0,0.0,1.0,0.0,0.0,10.0,0.0,0.0,0.0,0.0,0.0,US02
2007,AL,0.0,0.0,3.0,0.0,0.0,219.0,3.0,0.0,0.0,0.0,0.0,US01
2007,AR,0.0,0.0,0.0,0.0,0.0,8.0,0.0,0.0,0.0,0.0,0.0,US05
2007,AZ,0.0,2.0,8.0,0.0,0.0,206.0,2.0,0.0,0.0,0.0,0.0,US04
2007,CA,2.0,11.0,40.0,2.0,0.0,1648.0,19.0,2.0,0.0,0.0,0.0,US06
2007,CO,0.0,1.0,9.0,0.0,0.0,179.0,3.0,0.0,0.0,0.0,0.0,US08
2007,CT,0.0,0.0,2.0,0.0,0.0,28.0,0.0,0.0,0.0,0.0,0.0,US09
2007,DE,0.0,0.0,0.0,0.0,0.0,5.0,0.0,0.0,0.0,0.0,0.0,US10
2007,FL,0.0,3.0,4.0,1.0,0.0,398.0,3.0,0.0,0.0,0.0,0.0,US12
2007,GA,0.0,7.0,18.0,2.0,0.0,683.0,6.0,3.0,0.0,0.0,0.0,US13
2007,HI,0.0,0.0,0.0,0.0,0.0,18.0,0.0,0.0,0.0,0.0,0.0,US15
2007,IA,0.0,1.0,1.0,0.0,0.0,71.0,0.0,0.0,0.0,0.0,0.0,US19
2007,ID,0.0,1.0,2.0,0.0,0.0,68.0,4.0,0.0,0.0,0.0,0.0,US16
2007,IL,0.0,1.0,25.0,3.0,0.0,684.0,11.0,2.0,0.0,0.0,0.0,US17
2007,IN,0.0,0.0,4.0,1.0,0.0,134.0,4.0,1.0,0.0,0.0,0.0,US18
2007,KS,0.0,0.0,1.0,1.0,0.0,67.0,2.0,0.0,0.0,0.0,0.0,US20
2007,KY,0.0,0.0,0.0,0.0,0.0,20.0,1.0,0.0,0.0,0.0,0.0,US21
2007,LA,0.0,0.0,0.0,0.0,0.0,40.0,0.0,0.0,0.0,0.0,0.0,US22
2007,MA,0.0,1.0,3.0,0.0,0.0,132.0,1.0,0.0,0.0,0.0,0.0,US25
2007,MD,0.0,2.0,4.0,0.0,0.0,227.0,2.0,0.0,0.0,0.0,0.0,US24
2007,ME,0.0,0.0,2.0,0.0,0.0,29.0,3.0,0.0,0.0,0.0,0.0,US23
2007,MI,0.0,4.0,7.0,2.0,0.0,420.0,8.0,1.0,0.0,0.0,0.0,US26
2007,MN,0.0,0.0,5.0,0.0,0.0,204.0,6.0,1.0,0.0,0.0,0.0,US27
2007,MO,0.0,0.0,11.0,0.0,0.0,353.0,6.0,0.0,0.0,0.0,0.0,US29
2007,MS,0.0,2.0,0.0,0.0,0.0,27.0,0.0,0.0,0.0,0.0,0.0,US28
2007,MT,0.0,0.0,3.0,1.0,0.0,39.0,0.0,0.0,0.0,0.0,0.0,US30
2007,NC,0.0,8.0,0.0,0.0,0.0,205.0,0.0,0.0,0.0,0.0,0.0,US37
2007,ND,0.0,0.0,1.0,0.0,0.0,18.0,1.0,0.0,0.0,0.0,0.0,US38
2007,NE,0.0,0.0,1.0,0.0,0.0,40.0,1.0,0.0,0.0,0.0,0.0,US31
2007,NH,0.0,0.0,1.0,0.0,0.0,38.0,0.0,0.0,0.0,0.0,0.0,US33
2007,NJ,0.0,2.0,3.0,0.0,0.0,119.0,3.0,0.0,0.0,0.0,0.0,US34
2007,NM,0.0,1.0,1.0,0.0,0.0,65.0,1.0,0.0,0.0,0.0,0.0,US35
2007,NY,1.0,3.0,9.0,0.0,0.0,245.0,3.0,0.0,0.0,0.0,0.0,US36
2007,OH,1.0,1.0,2.0,0.0,0.0,328.0,5.0,0.0,0.0,0.0,0.0,US39
2007,OK,0.0,1.0,0.0,1.0,0.0,90.0,0.0,0.0,0.0,0.0,0.0,US40
2007,OR,1.0,5.0,6.0,1.0,0.0,247.0,4.0,0.0,0.0,0.0,0.0,US41
2007,PA,0.0,0.0,0.0,0.0,0.0,5.0,0.0,0.0,0.0,0.0,0.0,US42
2007,SC,0.0,0.0,1.0,0.0,0.0,25.0,0.0,0.0,0.0,0.0,0.0,US45
2007,TN,0.0,0.0,0.0,0.0,0.0,16.0,0.0,0.0,0.0,0.0,0.0,US47
2007,TX,0.0,9.0,1.0,0.0,0.0,499.0,0.0,0.0,0.0,0.0,0.0,US48
2007,UT,0.0,5.0,3.0,0.0,0.0,150.0,3.0,1.0,0.0,0.0,0.0,US49
2007,VA,0.0,2.0,3.0,0.0,0.0,109.0,0.0,0.0,0.0,0.0,0.0,US51
2007,VT,0.0,0.0,0.0,0.0,0.0,15.0,0.0,0.0,0.0,0.0,0.0,US50
2007,WA,0.0,2.0,8.0,0.0,0.0,317.0,5.0,0.0,0.0,0.0,0.0,US53
2007,WI,0.0,1.0,2.0,0.0,0.0,103.0,0.0,1.0,0.0,0.0,0.0,US55
2007,WV,0.0,0.0,0.0,0.0,0.0,26.0,0.0,0.0,0.0,0.0,0.0,US54
2007,WY,0.0,0.0,1.0,0.0,0.0,7.0,0.0,0.0,0.0,0.0,0.0,US56
2008,AK,0.0,3.0,4.0,3.0,0.0,3.0,7.0,0.0,0.0,0.0,0.0,US02
2008,AL,5.0,17.0,78.0,21.0,0.0,12.0,52.0,10.0,0.0,0.0,0.0,US01
2008,AR,1.0,11.0,27.0,2.0,0.0,12.0,18.0,1.0,0.0,0.0,0.0,US05
2008,AZ,3.0,54.0,97.0,13.0,0.0,30.0,51.0,7.0,0.0,0.0,0.0,US04
2008,CA,43.0,232.0,752.0,73.0,0.0,181.0,376.0,54.0,0.0,0.0,0.0,US06
2008,CO,8.0,42.0,100.0,10.0,0.0,21.0,42.0,8.0,0.0,0.0,0.0,US08
2008,CT,1.0,16.0,35.0,4.0,0.0,11.0,20.0,4.0,0.0,0.0,0.0,US09
2008,DC,2.0,5.0,28.0,2.0,0.0,7.0,3.0,5.0,0.0,0.0,0.0,US11
2008,DE,0.0,2.0,13.0,1.0,0.0,5.0,3.0,1.0,0.0,0.0,0.0,US10
2008,FL,18.0,132.0,310.0,44.0,0.0,81.0,138.0,34.0,0.0,0.0,0.0,US12
2008,GA,16.0,108.0,301.0,39.0,0.0,62.0,122.0,35.0,0.0,0.0,0.0,US13
2008,HI,1.0,8.0,18.0,1.0,0.0,2.0,8.0,5.0,0.0,0.0,0.0,US15
2008,IA,0.0,9.0,44.0,6.0,0.0,12.0,23.0,6.0,0.0,0.0,0.0,US19
2008,ID,5.0,15.0,45.0,2.0,0.0,4.0,26.0,4.0,0.0,0.0,0.0,US16
2008,IL,17.0,93.0,348.0,28.0,0.0,60.0,160.0,50.0,0.0,0.0,0.0,US17
2008,IN,7.0,33.0,101.0,13.0,0.0,28.0,41.0,7.0,0.0,0.0,0.0,US18
2008,KS,6.0,11.0,53.0,5.0,0.0,5.0,22.0,1.0,0.0,0.0,0.0,US20
2008,KY,5.0,10.0,25.0,4.0,0.0,15.0,12.0,1.0,0.0,0.0,0.0,US21
2008,LA,2.0,11.0,20.0,2.0,0.0,7.0,9.0,2.0,0.0,0.0,0.0,US22
2008,MA,4.0,28.0,91.0,8.0,0.0,30.0,45.0,18.0,0.0,0.0,0.0,US25
2008,MD,4.0,41.0,127.0,19.0,0.0,42.0,58.0,20.0,0.0,0.0,0.0,US24
2008,ME,0.0,10.0,30.0,1.0,0.0,5.0,12.0,1.0,0.0,0.0,0.0,US23
2008,MI,14.0,61.0,171.0,15.0,0.0,35.0,76.0,21.0,0.0,0.0,0.0,US26
2008,MN,20.0,48.0,145.0,19.0,0.0,39.0,90.0,14.0,0.0,0.0,0.0,US27
2008,MO,12.0,54.0,124.0,26.0,0.0,35.0,73.0,12.0,0.0,0.0,0.0,US29
2008,MS,1.0,25.0,18.0,6.0,0.0,11.0,12.0,2.0,0.0,0.0,0.0,US28
2008,MT,2.0,8.0,17.0,1.0,0.0,14.0,7.0,2.0,0.0,0.0,0.0,US30
2008,NC,11.0,140.0,90.0,13.0,0.0,47.0,52.0,5.0,0.0,0.0,0.0,US37
2008,ND,0.0,2.0,15.0,2.0,0.0,0.0,6.0,0.0,0.0,0.0,0.0,US38
2008,NE,2.0,5.0,36.0,3.0,0.0,7.0,10.0,4.0,0.0,0.0,0.0,US31
2008,NH,2.0,4.0,29.0,4.0,0.0,4.0,12.0,3.0,0.0,0.0,0.0,US33
2008,NJ,7.0,23.0,93.0,13.0,0.0,29.0,33.0,9.0,0.0,0.0,0.0,US34
2008,NM,2.0,4.0,26.0,1.0,0.0,6.0,13.0,1.0,0.0,0.0,0.0,US35
2008,NV,1.0,8.0,33.0,3.0,0.0,9.0,10.0,1.0,0.0,0.0,0.0,US32
2008,NY,10.0,64.0,205.0,34.0,0.0,68.0,99.0,22.0,0.0,0.0,0.0,US36
2008,OH,19.0,58.0,228.0,36.0,0.0,41.0,76.0,19.0,0.0,0.0,0.0,US39
2008,OK,6.0,9.0,58.0,10.0,0.0,13.0,23.0,3.0,0.0,0.0,0.0,US40
2008,OR,3.0,40.0,108.0,15.0,0.0,23.0,57.0,8.0,0.0,0.0,0.0,US41
2008,PA,8.0,39.0,116.0,13.0,0.0,34.0,56.0,11.0,0.0,0.0,0.0,US42
2008,RI,0.0,3.0,11.0,3.0,0.0,2.0,5.0,1.0,0.0,0.0,0.0,US44
2008,SC,1.0,14.0,41.0,7.0,0.0,12.0,11.0,8.0,0.0,0.0,0.0,US45
2008,TN,3.0,21.0,76.0,4.0,0.0,22.0,34.0,6.0,0.0,0.0,0.0,US47
2008,TX,11.0,110.0,29.0,9.0,0.0,12.0,18.0,1.0,0.0,0.0,0.0,US48
2008,UT,3.0,27.0,68.0,7.0,0.0,10.0,34.0,6.0,0.0,0.0,0.0,US49
2008,VA,9.0,44.0,146.0,20.0,0.0,46.0,66.0,14.0,0.0,0.0,0.0,US51
2008,VT,2.0,2.0,10.0,1.0,0.0,1.0,4.0,0.0,0.0,0.0,0.0,US50
2008,WA,15.0,55.0,207.0,24.0,0.0,44.0,96.0,8.0,0.0,0.0,0.0,US53
2008,WI,4.0,28.0,78.0,12.0,0.0,18.0,35.0,3.0,0.0,0.0,0.0,US55
2008,WV,1.0,3.0,16.0,2.0,0.0,6.0,12.0,2.0,0.0,0.0,0.0,US54
2008,WY,2.0,0.0,6.0,2.0,0.0,2.0,5.0,1.0,0.0,0.0,0.0,US56
2009,AK,0.0,0.0,0.0,1.0,0.0,0.0,0.0,0.0,0.0,0.0,0.0,US02
2009,AL,1.0,3.0,8.0,2.0,0.0,7.0,0.0,3.0,0.0,0.0,0.0,US01
2009,AR,1.0,1.0,8.0,1.0,0.0,2.0,0.0,2.0,0.0,0.0,0.0,US05
2009,AZ,1.0,3.0,11.0,1.0,0.0,10.0,0.0,0.0,0.0,0.0,0.0,US04
2009,CA,13.0,33.0,132.0,22.0,0.0,49.0,0.0,18.0,0.0,0.0,0.0,US06
2009,CO,3.0,10.0,29.0,6.0,0.0,9.0,0.0,3.0,0.0,0.0,0.0,US08
2009,CT,2.0,2.0,19.0,4.0,0.0,9.0,0.0,1.0,0.0,0.0,0.0,US09
2009,DC,0.0,0.0,9.0,0.0,0.0,1.0,0.0,1.0,0.0,0.0,0.0,US11
2009,DE,1.0,2.0,1.0,2.0,0.0,1.0,0.0,0.0,0.0,0.0,0.0,US10
2009,FL,7.0,11.0,57.0,15.0,0.0,21.0,0.0,5.0,0.0,0.0,0.0,US12
2009,GA,5.0,20.0,57.0,13.0,0.0,26.0,0.0,4.0,0.0,0.0,0.0,US13
2009,HI,0.0,2.0,2.0,0.0,0.0,2.0,0.0,1.0,0.0,0.0,0.0,US15
2009,ID,1.0,2.0,9.0,0.0,0.0,1.0,0.0,1.0,0.0,0.0,0.0,US16
2009,IL,9.0,7.0,69.0,7.0,0.0,35.0,0.0,5.0,0.0,0.0,0.0,US17
2009,IN,3.0,3.0,25.0,8.0,0.0,6.0,0.0,1.0,0.0,0.0,0.0,US18
2009,KS,0.0,0.0,3.0,0.0,0.0,1.0,0.0,0.0,0.0,0.0,0.0,US20
2009,KY,0.0,1.0,5.0,1.0,0.0,5.0,0.0,0.0,0.0,0.0,0.0,US21
2009,LA,0.0,0.0,4.0,0.0,0.0,2.0,0.0,1.0,0.0,0.0,0.0,US22
2009,MA,1.0,2.0,15.0,1.0,0.0,13.0,0.0,1.0,0.0,0.0,0.0,US25
2009,MD,2.0,5.0,29.0,4.0,0.0,10.0,0.0,5.0,0.0,0.0,0.0,US24
2009,MI,6.0,8.0,19.0,5.0,0.0,15.0,0.0,5.0,0.0,0.0,0.0,US26
2009,MN,5.0,2.0,29.0,4.0,0.0,14.0,0.0,5.0,0.0,0.0,0.0,US27
2009,MO,4.0,8.0,26.0,5.0,0.0,18.0,0.0,2.0,0.0,0.0,0.0,US29
2009,MS,1.0,1.0,3.0,6.0,0.0,3.0,0.0,0.0,0.0,0.0,0.0,US28
2009,MT,1.0,0.0,2.0,0.0,0.0,1.0,0.0,0.0,0.0,0.0,0.0,US30
2009,NC,2.0,12.0,26.0,11.0,0.0,13.0,0.0,2.0,0.0,0.0,0.0,US37
2009,NE,2.0,1.0,6.0,0.0,0.0,0.0,0.0,4.0,0.0,0.0,0.0,US31
2009,NH,1.0,0.0,3.0,1.0,0.0,1.0,0.0,0.0,0.0,0.0,0.0,US33
2009,NJ,6.0,2.0,15.0,4.0,0.0,13.0,0.0,4.0,0.0,0.0,0.0,US34
2009,NM,0.0,0.0,3.0,0.0,0.0,2.0,0.0,0.0,0.0,0.0,0.0,US35
2009,NV,1.0,0.0,9.0,0.0,0.0,5.0,0.0,0.0,0.0,0.0,0.0,US32
2009,NY,3.0,9.0,52.0,4.0,0.0,21.0,0.0,6.0,0.0,0.0,0.0,US36
2009,OH,5.0,1.0,28.0,10.0,0.0,20.0,0.0,4.0,0.0,0.0,0.0,US39
2009,OK,1.0,3.0,6.0,4.0,0.0,2.0,0.0,3.0,0.0,0.0,0.0,US40
2009,OR,1.0,8.0,18.0,4.0,0.0,15.0,0.0,3.0,0.0,0.0,0.0,US41
2009,PA,8.0,4.0,24.0,6.0,0.0,16.0,0.0,4.0,0.0,0.0,0.0,US42
2009,RI,0.0,0.0,2.0,1.0,0.0,1.0,0.0,2.0,0.0,0.0,0.0,US44
2009,SC,1.0,7.0,11.0,3.0,0.0,5.0,0.0,1.0,0.0,0.0,0.0,US45
2009,SD,1.0,0.0,0.0,1.0,0.0,0.0,0.0,0.0,0.0,0.0,0.0,US46
2009,TN,2.0,1.0,20.0,5.0,0.0,7.0,0.0,2.0,0.0,0.0,0.0,US47
2009,TX,9.0,17.0,51.0,6.0,0.0,23.0,0.0,8.0,0.0,0.0,0.0,US48
2009,UT,2.0,4.0,6.0,1.0,0.0,6.0,0.0,3.0,0.0,0.0,0.0,US49
2009,VA,3.0,5.0,31.0,11.0,0.0,18.0,0.0,5.0,0.0,0.0,0.0,US51
2009,VT,0.0,3.0,1.0,0.0,0.0,1.0,0.0,0.0,0.0,0.0,0.0,US50
2009,WA,5.0,8.0,32.0,8.0,0.0,20.0,0.0,5.0,0.0,0.0,0.0,US53
2009,WI,2.0,3.0,14.0,3.0,0.0,9.0,0.0,1.0,0.0,0.0,0.0,US55
2009,WV,0.0,0.0,7.0,0.0,0.0,0.0,0.0,0.0,0.0,0.0,0.0,US54
2009,WY,1.0,1.0,0.0,1.0,0.0,1.0,0.0,0.0,0.0,0.0,0.0,US56
2010,AK,0.0,0.0,5.0,1.0,0.0,3.0,0.0,2.0,0.0,0.0,0.0,US02
2010,AL,4.0,6.0,37.0,12.0,0.0,27.0,0.0,3.0,0.0,0.0,0.0,US01
2010,AR,5.0,3.0,14.0,2.0,0.0,10.0,0.0,0.0,0.0,0.0,0.0,US05
2010,AZ,5.0,8.0,40.0,7.0,0.0,22.0,0.0,3.0,0.0,0.0,0.0,US04
2010,CA,37.0,88.0,370.0,40.0,0.0,189.0,0.0,28.0,0.0,0.0,0.0,US06
2010,CO,6.0,11.0,56.0,6.0,0.0,37.0,0.0,1.0,0.0,0.0,0.0,US08
2010,CT,3.0,4.0,48.0,3.0,0.0,21.0,0.0,1.0,0.0,0.0,0.0,US09
2010,DC,1.0,0.0,9.0,2.0,0.0,6.0,0.0,0.0,0.0,0.0,0.0,US11
2010,DE,0.0,1.0,10.0,2.0,0.0,3.0,0.0,0.0,0.0,0.0,0.0,US10
2010,FL,22.0,39.0,154.0,38.0,0.0,92.0,0.0,10.0,0.0,0.0,0.0,US12
2010,GA,21.0,28.0,105.0,33.0,0.0,68.0,0.0,7.0,0.0,0.0,0.0,US13
2010,HI,0.0,0.0,6.0,3.0,0.0,4.0,0.0,1.0,0.0,0.0,0.0,US15
2010,ID,5.0,4.0,21.0,4.0,0.0,6.0,0.0,0.0,0.0,0.0,0.0,US16
2010,IL,20.0,24.0,155.0,33.0,0.0,79.0,0.0,8.0,0.0,0.0,0.0,US17
2010,IN,3.0,14.0,58.0,16.0,0.0,21.0,0.0,3.0,0.0,0.0,0.0,US18
2010,KS,4.0,4.0,21.0,7.0,0.0,8.0,0.0,2.0,0.0,0.0,0.0,US20
2010,KY,5.0,2.0,24.0,6.0,0.0,12.0,0.0,0.0,0.0,0.0,0.0,US21
2010,LA,1.0,1.0,25.0,3.0,0.0,16.0,0.0,1.0,0.0,0.0,0.0,US22
2010,MA,0.0,11.0,62.0,4.0,0.0,28.0,0.0,5.0,0.0,0.0,0.0,US25
2010,MD,13.0,19.0,58.0,14.0,0.0,36.0,0.0,7.0,0.0,0.0,0.0,US24
2010,MI,12.0,18.0,73.0,16.0,0.0,36.0,0.0,9.0,0.0,0.0,0.0,US26
2010,MN,6.0,6.0,61.0,9.0,0.0,32.0,0.0,6.0,0.0,0.0,0.0,US27
2010,MO,9.0,20.0,79.0,21.0,0.0,31.0,0.0,2.0,0.0,0.0,0.0,US29
2010,MS,2.0,2.0,15.0,0.0,0.0,15.0,0.0,0.0,0.0,0.0,0.0,US28
2010,MT,1.0,2.0,7.0,1.0,0.0,3.0,0.0,1.0,0.0,0.0,0.0,US30
2010,NC,16.0,26.0,100.0,18.0,0.0,45.0,0.0,6.0,0.0,0.0,0.0,US37
2010,NE,1.0,1.0,18.0,4.0,0.0,6.0,0.0,1.0,0.0,0.0,0.0,US31
2010,NH,0.0,1.0,10.0,3.0,0.0,6.0,0.0,1.0,0.0,0.0,0.0,US33
2010,NJ,15.0,10.0,69.0,10.0,0.0,37.0,0.0,3.0,0.0,0.0,0.0,US34
2010,NM,2.0,2.0,11.0,2.0,0.0,2.0,0.0,0.0,0.0,0.0,0.0,US35
2010,NV,3.0,8.0,34.0,2.0,0.0,15.0,0.0,1.0,0.0,0.0,0.0,US32
2010,NY,12.0,30.0,153.0,37.0,0.0,93.0,0.0,14.0,0.0,0.0,0.0,US36
2010,OH,7.0,21.0,104.0,31.0,0.0,50.0,0.0,7.0,0.0,0.0,0.0,US39
2010,OK,2.0,3.0,26.0,6.0,0.0,19.0,0.0,0.0,0.0,0.0,0.0,US40
2010,OR,7.0,11.0,54.0,6.0,0.0,24.0,0.0,1.0,0.0,0.0,0.0,US41
2010,PA,3.0,8.0,71.0,17.0,0.0,41.0,0.0,5.0,0.0,0.0,0.0,US42
2010,RI,0.0,1.0,14.0,1.0,0.0,6.0,0.0,0.0,0.0,0.0,0.0,US44
2010,SC,6.0,5.0,31.0,5.0,0.0,21.0,0.0,1.0,0.0,0.0,0.0,US45
2010,SD,0.0,2.0,3.0,2.0,0.0,6.0,0.0,0.0,0.0,0.0,0.0,US46
2010,TN,3.0,11.0,57.0,15.0,0.0,28.0,0.0,2.0,0.0,0.0,0.0,US47
2010,TX,17.0,28.0,140.0,39.0,0.0,75.0,0.0,9.0,0.0,0.0,0.0,US48
2010,UT,1.0,14.0,30.0,8.0,0.0,14.0,0.0,2.0,0.0,0.0,0.0,US49
2010,VA,6.0,20.0,101.0,24.0,0.0,52.0,0.0,2.0,0.0,0.0,0.0,US51
2010,VT,0.0,1.0,5.0,0.0,0.0,2.0,0.0,0.0,0.0,0.0,0.0,US50
2010,WA,9.0,17.0,82.0,7.0,0.0,53.0,0.0,4.0,0.0,0.0,0.0,US53
2010,WI,3.0,12.0,43.0,10.0,0.0,22.0,0.0,2.0,0.0,0.0,0.0,US55
2010,WV,0.0,1.0,4.0,5.0,0.0,6.0,0.0,0.0,0.0,0.0,0.0,US54
2010,WY,0.0,2.0,4.0,0.0,0.0,3.0,0.0,0.0,0.0,0.0,0.0,US56
2011,AK,1.0,3.0,10.0,5.0,0.0,7.0,0.0,0.0,0.0,0.0,0.0,US02
2011,AL,9.0,13.0,78.0,18.0,0.0,38.0,0.0,0.0,0.0,0.0,0.0,US01
2011,AR,2.0,8.0,46.0,6.0,0.0,28.0,0.0,0.0,0.0,0.0,0.0,US05
2011,AZ,13.0,13.0,65.0,18.0,1.0,34.0,0.0,0.0,0.0,0.0,0.0,US04
2011,CA,79.0,156.0,630.0,113.0,1.0,325.0,0.0,0.0,0.0,0.0,0.0,US06
2011,CO,17.0,27.0,122.0,21.0,0.0,48.0,0.0,0.0,0.0,0.0,0.0,US08
2011,CT,9.0,9.0,93.0,22.0,1.0,60.0,0.0,0.0,0.0,0.0,0.0,US09
2011,DC,3.0,9.0,29.0,7.0,0.0,16.0,0.0,0.0,0.0,0.0,0.0,US11
2011,DE,0.0,4.0,12.0,8.0,0.0,7.0,0.0,0.0,0.0,0.0,0.0,US10
2011,FL,58.0,106.0,354.0,99.0,1.0,186.0,0.0,0.0,0.0,0.0,0.0,US12
2011,GA,29.0,69.0,236.0,56.0,0.0,111.0,0.0,0.0,0.0,0.0,1.0,US13
2011,HI,3.0,3.0,17.0,1.0,0.0,10.0,0.0,0.0,0.0,0.0,0.0,US15
2011,ID,6.0,10.0,20.0,4.0,0.0,8.0,0.0,0.0,0.0,0.0,0.0,US16
2011,IL,28.0,69.0,309.0,71.0,0.0,130.0,0.0,0.0,0.0,0.0,0.0,US17
2011,IN,14.0,20.0,108.0,33.0,0.0,63.0,0.0,0.0,0.0,0.0,0.0,US18
2011,KS,7.0,14.0,55.0,11.0,0.0,24.0,0.0,0.0,0.0,0.0,0.0,US20
2011,KY,8.0,6.0,58.0,15.0,0.0,24.0,0.0,0.0,0.0,0.0,0.0,US21
2011,LA,8.0,13.0,42.0,15.0,0.0,33.0,0.0,0.0,0.0,0.0,0.0,US22
2011,MA,7.0,13.0,104.0,25.0,0.0,47.0,0.0,0.0,0.0,0.0,0.0,US25
2011,MD,18.0,29.0,140.0,42.0,0.0,82.0,0.0,0.0,0.0,1.0,0.0,US24
2011,MI,19.0,36.0,143.0,51.0,0.0,72.0,0.0,0.0,0.0,0.0,0.0,US26
2011,MN,20.0,17.0,109.0,25.0,0.0,57.0,0.0,0.0,1.0,0.0,0.0,US27
2011,MO,22.0,35.0,132.0,26.0,0.0,60.0,0.0,0.0,0.0,0.0,0.0,US29
2011,MS,6.0,17.0,43.0,12.0,1.0,17.0,0.0,0.0,0.0,0.0,0.0,US28
2011,MT,1.0,8.0,13.0,5.0,0.0,4.0,0.0,0.0,0.0,0.0,0.0,US30
2011,NC,21.0,39.0,171.0,40.0,1.0,89.0,0.0,0.0,0.0,0.0,0.0,US37
2011,NE,8.0,2.0,40.0,6.0,0.0,12.0,0.0,0.0,0.0,0.0,0.0,US31
2011,NH,4.0,3.0,25.0,9.0,0.0,12.0,0.0,0.0,0.0,0.0,0.0,US33
2011,NJ,9.0,31.0,160.0,37.0,2.0,92.0,0.0,0.0,0.0,0.0,0.0,US34
2011,NM,3.0,7.0,22.0,9.0,0.0,4.0,0.0,0.0,0.0,0.0,0.0,US35
2011,NV,3.0,11.0,60.0,10.0,1.0,26.0,0.0,0.0,0.0,0.0,0.0,US32
2011,NY,35.0,70.0,345.0,68.0,0.0,202.0,0.0,0.0,1.0,0.0,0.0,US36
2011,OH,24.0,42.0,231.0,46.0,2.0,95.0,0.0,0.0,0.0,0.0,0.0,US39
2011,OK,7.0,8.0,44.0,9.0,0.0,15.0,0.0,0.0,0.0,0.0,0.0,US40
2011,OR,7.0,16.0,91.0,18.0,0.0,33.0,0.0,0.0,1.0,0.0,0.0,US41
2011,PA,18.0,30.0,159.0,52.0,0.0,98.0,0.0,0.0,0.0,1.0,0.0,US42
2011,RI,4.0,4.0,29.0,5.0,0.0,14.0,0.0,0.0,0.0,0.0,0.0,US44
2011,SC,9.0,20.0,65.0,13.0,0.0,25.0,0.0,0.0,0.0,0.0,0.0,US45
2011,SD,2.0,2.0,20.0,1.0,0.0,7.0,0.0,0.0,0.0,0.0,0.0,US46
2011,TN,16.0,15.0,119.0,30.0,0.0,55.0,0.0,0.0,0.0,0.0,0.0,US47
2011,TX,38.0,90.0,296.0,77.0,1.0,188.0,0.0,0.0,2.0,0.0,2.0,US48
2011,UT,7.0,12.0,31.0,19.0,0.0,10.0,0.0,0.0,0.0,0.0,0.0,US49
2011,VA,20.0,34.0,206.0,50.0,0.0,95.0,0.0,0.0,0.0,0.0,0.0,US51
2011,VT,1.0,0.0,9.0,2.0,0.0,4.0,0.0,0.0,0.0,0.0,0.0,US50
2011,WA,20.0,34.0,151.0,23.0,1.0,83.0,0.0,0.0,0.0,0.0,0.0,US53
2011,WI,10.0,17.0,111.0,22.0,1.0,45.0,0.0,0.0,1.0,0.0,0.0,US55
2011,WV,2.0,3.0,18.0,6.0,0.0,13.0,0.0,0.0,0.0,0.0,0.0,US54
2011,WY,0.0,1.0,3.0,1.0,0.0,6.0,0.0,0.0,0.0,0.0,0.0,US56
2012,AK,2.0,5.0,16.0,9.0,0.0,6.0,0.0,0.0,0.0,2.0,0.0,US02
2012,AL,15.0,19.0,146.0,46.0,10.0,38.0,0.0,0.0,9.0,8.0,3.0,US01
2012,AR,7.0,10.0,77.0,29.0,7.0,33.0,0.0,0.0,5.0,3.0,1.0,US05
2012,AZ,16.0,34.0,135.0,58.0,23.0,36.0,0.0,0.0,9.0,3.0,2.0,US04
2012,CA,122.0,205.0,1116.0,341.0,85.0,279.0,0.0,0.0,64.0,46.0,55.0,US06
2012,CO,19.0,40.0,191.0,58.0,20.0,45.0,0.0,0.0,7.0,7.0,8.0,US08
2012,CT,14.0,19.0,165.0,62.0,6.0,43.0,0.0,0.0,12.0,9.0,5.0,US09
2012,DC,3.0,8.0,52.0,9.0,0.0,11.0,0.0,0.0,0.0,1.0,3.0,US11
2012,DE,3.0,0.0,33.0,13.0,0.0,7.0,0.0,0.0,4.0,1.0,0.0,US10
2012,FL,54.0,147.0,573.0,256.0,51.0,199.0,0.0,0.0,21.0,24.0,20.0,US12
2012,GA,37.0,89.0,380.0,151.0,26.0,82.0,0.0,0.0,13.0,12.0,10.0,US13
2012,HI,2.0,6.0,29.0,8.0,1.0,11.0,0.0,0.0,2.0,6.0,3.0,US15
2012,ID,7.0,9.0,40.0,7.0,3.0,9.0,0.0,0.0,0.0,0.0,0.0,US16
2012,IL,51.0,80.0,463.0,168.0,30.0,119.0,0.0,0.0,23.0,16.0,15.0,US17
2012,IN,16.0,35.0,208.0,63.0,10.0,53.0,0.0,0.0,7.0,6.0,5.0,US18
2012,KS,10.0,8.0,98.0,37.0,15.0,30.0,0.0,0.0,3.0,5.0,2.0,US20
2012,KY,4.0,18.0,139.0,33.0,13.0,23.0,0.0,0.0,2.0,7.0,2.0,US21
2012,LA,10.0,16.0,98.0,35.0,9.0,32.0,0.0,0.0,7.0,5.0,8.0,US22
2012,MA,26.0,28.0,220.0,69.0,18.0,55.0,0.0,0.0,3.0,9.0,12.0,US25
2012,MD,26.0,55.0,268.0,99.0,20.0,77.0,0.0,0.0,10.0,13.0,12.0,US24
2012,MI,25.0,48.0,271.0,126.0,28.0,84.0,0.0,0.0,15.0,15.0,10.0,US26
2012,MN,21.0,30.0,199.0,62.0,15.0,51.0,0.0,0.0,9.0,7.0,3.0,US27
2012,MO,21.0,33.0,215.0,69.0,9.0,41.0,0.0,0.0,8.0,5.0,10.0,US29
2012,MS,7.0,7.0,68.0,26.0,3.0,22.0,0.0,0.0,6.0,5.0,2.0,US28
2012,MT,2.0,9.0,21.0,2.0,5.0,4.0,0.0,0.0,3.0,2.0,0.0,US30
2012,NC,32.0,43.0,303.0,114.0,19.0,59.0,0.0,0.0,11.0,11.0,10.0,US37
2012,NE,10.0,8.0,51.0,13.0,7.0,14.0,0.0,0.0,2.0,2.0,1.0,US31
2012,NH,3.0,3.0,51.0,21.0,2.0,12.0,0.0,0.0,3.0,7.0,2.0,US33
2012,NJ,25.0,40.0,292.0,108.0,14.0,95.0,0.0,0.0,14.0,20.0,14.0,US34
2012,NM,4.0,8.0,29.0,9.0,2.0,7.0,0.0,0.0,2.0,2.0,2.0,US35
2012,NV,8.0,19.0,83.0,39.0,8.0,25.0,0.0,0.0,4.0,2.0,4.0,US32
2012,NY,48.0,108.0,662.0,214.0,36.0,198.0,0.0,0.0,31.0,32.0,42.0,US36
2012,OH,34.0,62.0,376.0,126.0,25.0,83.0,0.0,0.0,28.0,17.0,14.0,US39
2012,OK,6.0,18.0,92.0,26.0,7.0,18.0,0.0,0.0,2.0,4.0,1.0,US40
2012,OR,7.0,32.0,141.0,43.0,18.0,21.0,0.0,0.0,11.0,5.0,3.0,US41
2012,PA,21.0,43.0,280.0,126.0,21.0,77.0,0.0,0.0,23.0,14.0,14.0,US42
2012,RI,1.0,7.0,48.0,12.0,3.0,11.0,0.0,0.0,3.0,2.0,2.0,US44
2012,SC,11.0,24.0,104.0,45.0,9.0,35.0,0.0,0.0,7.0,2.0,1.0,US45
2012,SD,3.0,4.0,30.0,2.0,4.0,5.0,0.0,0.0,0.0,1.0,0.0,US46
2012,TN,14.0,31.0,177.0,73.0,21.0,52.0,0.0,0.0,7.0,7.0,6.0,US47
2012,TX,44.0,116.0,550.0,200.0,58.0,147.0,0.0,0.0,21.0,23.0,20.0,US48
2012,UT,2.0,15.0,45.0,12.0,3.0,10.0,0.0,0.0,0.0,1.0,0.0,US49
2012,VA,25.0,58.0,321.0,114.0,23.0,65.0,0.0,0.0,11.0,15.0,9.0,US51
2012,VT,3.0,1.0,18.0,4.0,1.0,4.0,0.0,0.0,0.0,0.0,0.0,US50
2012,WA,34.0,58.0,231.0,72.0,21.0,81.0,0.0,0.0,10.0,9.0,6.0,US53
2012,WI,14.0,25.0,204.0,51.0,11.0,35.0,0.0,0.0,8.0,4.0,3.0,US55
2012,WV,2.0,3.0,34.0,15.0,0.0,13.0,0.0,0.0,0.0,0.0,1.0,US54
2012,WY,2.0,2.0,9.0,0.0,2.0,3.0,0.0,0.0,0.0,2.0,0.0,US56
2013,AK,2.0,2.0,42.0,7.0,2.0,3.0,0.0,0.0,1.0,1.0,0.0,US02
2013,AL,8.0,10.0,365.0,37.0,13.0,35.0,0.0,0.0,0.0,4.0,1.0,US01
2013,AR,6.0,9.0,230.0,29.0,11.0,38.0,0.0,0.0,4.0,3.0,2.0,US05
2013,AZ,13.0,16.0,411.0,43.0,14.0,41.0,0.0,0.0,13.0,5.0,8.0,US04
2013,CA,81.0,171.0,3401.0,322.0,86.0,327.0,0.0,0.0,53.0,47.0,41.0,US06
2013,CO,8.0,27.0,515.0,42.0,15.0,43.0,0.0,0.0,6.0,8.0,7.0,US08
2013,CT,12.0,21.0,458.0,81.0,7.0,51.0,0.0,0.0,8.0,2.0,6.0,US09
2013,DC,1.0,7.0,81.0,7.0,1.0,13.0,0.0,0.0,0.0,0.0,1.0,US11
2013,DE,2.0,3.0,76.0,5.0,0.0,12.0,0.0,0.0,2.0,2.0,0.0,US10
2013,FL,27.0,114.0,1455.0,181.0,40.0,173.0,0.0,0.0,18.0,16.0,26.0,US12
2013,GA,25.0,62.0,850.0,142.0,19.0,89.0,0.0,0.0,17.0,12.0,13.0,US13
2013,HI,6.0,8.0,116.0,17.0,0.0,11.0,0.0,0.0,3.0,6.0,1.0,US15
2013,ID,4.0,6.0,127.0,5.0,3.0,12.0,0.0,0.0,0.0,0.0,1.0,US16
2013,IL,21.0,68.0,1248.0,153.0,34.0,120.0,0.0,0.0,14.0,15.0,24.0,US17
2013,IN,16.0,18.0,473.0,51.0,15.0,49.0,0.0,0.0,5.0,2.0,4.0,US18
2013,KS,2.0,18.0,277.0,26.0,4.0,20.0,0.0,0.0,2.0,4.0,3.0,US20
2013,KY,7.0,8.0,277.0,34.0,7.0,20.0,0.0,0.0,1.0,4.0,2.0,US21
2013,LA,6.0,12.0,249.0,20.0,1.0,32.0,0.0,0.0,4.0,5.0,6.0,US22
2013,MA,13.0,29.0,547.0,68.0,6.0,82.0,0.0,0.0,6.0,8.0,11.0,US25
2013,MD,14.0,28.0,597.0,80.0,16.0,86.0,0.0,0.0,14.0,9.0,10.0,US24
2013,MI,20.0,28.0,785.0,115.0,14.0,84.0,0.0,0.0,6.0,3.0,7.0,US26
2013,MN,17.0,26.0,489.0,67.0,7.0,46.0,0.0,0.0,7.0,6.0,8.0,US27
2013,MO,7.0,33.0,506.0,52.0,7.0,39.0,0.0,0.0,8.0,3.0,6.0,US29
2013,MS,4.0,5.0,212.0,33.0,5.0,22.0,0.0,0.0,3.0,2.0,3.0,US28
2013,MT,0.0,4.0,75.0,10.0,0.0,5.0,0.0,0.0,0.0,2.0,0.0,US30
2013,NC,10.0,31.0,653.0,72.0,14.0,74.0,0.0,0.0,12.0,10.0,7.0,US37
2013,NE,7.0,10.0,174.0,24.0,3.0,9.0,0.0,0.0,3.0,3.0,2.0,US31
2013,NH,4.0,8.0,136.0,11.0,6.0,16.0,0.0,0.0,0.0,1.0,3.0,US33
2013,NJ,13.0,42.0,893.0,94.0,22.0,85.0,0.0,0.0,7.0,13.0,17.0,US34
2013,NM,1.0,9.0,101.0,9.0,1.0,5.0,0.0,0.0,0.0,0.0,2.0,US35
2013,NV,7.0,15.0,382.0,32.0,8.0,28.0,0.0,0.0,4.0,3.0,4.0,US32
2013,NY,33.0,106.0,1688.0,234.0,36.0,281.0,0.0,0.0,21.0,30.0,40.0,US36
2013,OH,17.0,51.0,1020.0,114.0,21.0,126.0,0.0,0.0,12.0,8.0,6.0,US39
2013,OK,5.0,13.0,204.0,18.0,11.0,26.0,0.0,0.0,3.0,3.0,2.0,US40
2013,OR,5.0,24.0,376.0,29.0,6.0,21.0,0.0,0.0,3.0,6.0,3.0,US41
2013,PA,12.0,34.0,800.0,94.0,28.0,95.0,0.0,0.0,19.0,11.0,10.0,US42
2013,RI,4.0,5.0,126.0,20.0,1.0,20.0,0.0,0.0,2.0,1.0,2.0,US44
2013,SC,4.0,12.0,301.0,38.0,13.0,29.0,0.0,0.0,5.0,3.0,2.0,US45
2013,SD,1.0,0.0,55.0,7.0,1.0,2.0,0.0,0.0,1.0,0.0,1.0,US46
2013,TN,12.0,25.0,412.0,56.0,12.0,38.0,0.0,0.0,4.0,1.0,2.0,US47
2013,TX,25.0,90.0,1872.0,205.0,50.0,173.0,0.0,0.0,24.0,24.0,12.0,US48
2013,UT,5.0,11.0,144.0,12.0,3.0,9.0,0.0,0.0,2.0,3.0,1.0,US49
2013,VA,22.0,37.0,789.0,88.0,24.0,92.0,0.0,0.0,10.0,10.0,9.0,US51
2013,VT,1.0,0.0,57.0,10.0,3.0,10.0,0.0,0.0,1.0,0.0,0.0,US50
2013,WA,11.0,37.0,591.0,56.0,10.0,57.0,0.0,0.0,8.0,5.0,7.0,US53
2013,WI,7.0,18.0,489.0,53.0,9.0,37.0,0.0,0.0,6.0,6.0,4.0,US55
2013,WV,2.0,1.0,101.0,16.0,6.0,8.0,0.0,0.0,4.0,1.0,1.0,US54
2013,WY,2.0,3.0,47.0,6.0,0.0,5.0,0.0,0.0,1.0,0.0,0.0,US56
2014,AK,0.0,0.0,26.0,1.0,0.0,2.0,0.0,0.0,0.0,0.0,0.0,US02
2014,AL,1.0,3.0,120.0,10.0,1.0,15.0,0.0,0.0,1.0,0.0,1.0,US01
2014,AR,4.0,2.0,91.0,9.0,4.0,11.0,0.0,0.0,2.0,1.0,2.0,US05
2014,AZ,1.0,8.0,172.0,14.0,6.0,18.0,0.0,0.0,2.0,0.0,3.0,US04
2014,CA,15.0,47.0,1266.0,69.0,19.0,152.0,0.0,0.0,15.0,13.0,18.0,US06
2014,CO,1.0,22.0,198.0,10.0,2.0,18.0,0.0,0.0,3.0,2.0,0.0,US08
2014,CT,7.0,2.0,146.0,15.0,5.0,26.0,0.0,0.0,4.0,0.0,1.0,US09
2014,DC,0.0,2.0,28.0,4.0,1.0,3.0,0.0,0.0,1.0,0.0,0.0,US11
2014,DE,0.0,1.0,40.0,3.0,0.0,5.0,0.0,0.0,1.0,1.0,0.0,US10
2014,FL,10.0,34.0,534.0,52.0,18.0,80.0,0.0,0.0,3.0,3.0,6.0,US12
2014,GA,3.0,20.0,350.0,17.0,4.0,38.0,0.0,0.0,2.0,0.0,3.0,US13
2014,HI,2.0,1.0,38.0,3.0,2.0,4.0,0.0,0.0,0.0,1.0,1.0,US15
2014,ID,2.0,1.0,60.0,3.0,0.0,2.0,0.0,0.0,0.0,0.0,0.0,US16
2014,IL,3.0,14.0,453.0,27.0,5.0,38.0,0.0,0.0,4.0,1.0,7.0,US17
2014,IN,1.0,5.0,182.0,12.0,1.0,15.0,0.0,0.0,1.0,1.0,1.0,US18
2014,KS,0.0,4.0,112.0,1.0,2.0,12.0,0.0,0.0,0.0,0.0,0.0,US20
2014,KY,2.0,2.0,99.0,9.0,0.0,4.0,0.0,0.0,0.0,0.0,0.0,US21
2014,LA,0.0,2.0,107.0,1.0,0.0,10.0,0.0,0.0,1.0,0.0,1.0,US22
2014,MA,1.0,9.0,216.0,22.0,3.0,26.0,0.0,0.0,1.0,2.0,5.0,US25
2014,MD,5.0,9.0,239.0,9.0,0.0,25.0,0.0,0.0,5.0,1.0,1.0,US24
2014,MI,0.0,10.0,311.0,34.0,5.0,26.0,0.0,0.0,6.0,0.0,6.0,US26
2014,MN,2.0,5.0,192.0,13.0,6.0,23.0,0.0,0.0,2.0,0.0,1.0,US27
2014,MO,0.0,9.0,175.0,10.0,6.0,24.0,0.0,0.0,1.0,0.0,0.0,US29
2014,MS,0.0,2.0,84.0,3.0,0.0,4.0,0.0,0.0,1.0,0.0,2.0,US28
2014,MT,0.0,0.0,23.0,1.0,2.0,1.0,0.0,0.0,0.0,0.0,0.0,US30
2014,NC,7.0,12.0,247.0,22.0,3.0,25.0,0.0,0.0,1.0,0.0,3.0,US37
2014,NE,1.0,3.0,84.0,4.0,2.0,5.0,0.0,0.0,2.0,0.0,0.0,US31
2014,NH,1.0,1.0,59.0,5.0,0.0,7.0,0.0,0.0,1.0,0.0,0.0,US33
2014,NJ,3.0,10.0,306.0,23.0,8.0,38.0,0.0,0.0,7.0,3.0,4.0,US34
2014,NM,1.0,2.0,60.0,1.0,1.0,4.0,0.0,0.0,0.0,0.0,0.0,US35
2014,NV,2.0,2.0,137.0,4.0,4.0,6.0,0.0,0.0,1.0,2.0,3.0,US32
2014,NY,11.0,22.0,667.0,37.0,12.0,92.0,0.0,0.0,4.0,6.0,7.0,US36
2014,OH,3.0,10.0,406.0,23.0,12.0,49.0,0.0,0.0,4.0,0.0,2.0,US39
2014,OK,2.0,2.0,93.0,7.0,1.0,9.0,0.0,0.0,0.0,1.0,1.0,US40
2014,OR,2.0,5.0,118.0,9.0,3.0,8.0,0.0,0.0,0.0,0.0,0.0,US41
2014,PA,4.0,7.0,323.0,18.0,1.0,32.0,0.0,0.0,2.0,1.0,4.0,US42
2014,RI,0.0,0.0,50.0,3.0,0.0,3.0,0.0,0.0,0.0,0.0,0.0,US44
2014,SC,2.0,3.0,107.0,6.0,0.0,3.0,0.0,0.0,2.0,0.0,0.0,US45
2014,SD,0.0,2.0,21.0,0.0,0.0,2.0,0.0,0.0,0.0,0.0,0.0,US46
2014,TN,3.0,5.0,161.0,10.0,2.0,17.0,0.0,0.0,1.0,1.0,2.0,US47
2014,TX,9.0,19.0,699.0,52.0,15.0,72.0,0.0,0.0,4.0,6.0,6.0,US48
2014,UT,1.0,2.0,67.0,1.0,3.0,0.0,0.0,0.0,0.0,0.0,0.0,US49
2014,VA,2.0,12.0,306.0,14.0,3.0,29.0,0.0,0.0,5.0,4.0,2.0,US51
2014,VT,1.0,3.0,23.0,1.0,1.0,1.0,0.0,0.0,0.0,0.0,0.0,US50
2014,WA,3.0,9.0,230.0,16.0,5.0,27.0,0.0,0.0,0.0,3.0,1.0,US53
2014,WI,0.0,4.0,170.0,8.0,2.0,18.0,0.0,0.0,2.0,3.0,0.0,US55
2014,WV,2.0,3.0,30.0,2.0,0.0,0.0,0.0,0.0,0.0,0.0,0.0,US54
2014,WY,0.0,0.0,13.0,1.0,1.0,0.0,0.0,0.0,0.0,0.0,0.0,US56
